2, 3, 5, 253, 253
4, 7, 3, 437, 437
2, 5, 2, 522, 522
4, 1, 7, 714, 714
4, 6, 5, 456, 456
8, 3, 1, 381, 381
3, 1, 3, 331, 331
7, 5, 4, 745, 745
6, 7, 2, 627, 627
8, 7, 5, 758, 758
1, 8, 2, 281, 281
9, 2, 9, 992, 992
7, 8, 8, 887, 887
7, 7, 9, 797, 797
6, 8, 3, 368, 368
9, 5, 3, 395, 395
3, 2, 3, 233, 233
2, 6, 2, 226, 226
4, 6, 3, 643, 643
2, 4, 6, 462, 462
8, 7, 4, 748, 748
3, 6, 2, 263, 263
3, 6, 9, 396, 396
6, 8, 8, 886, 886
9, 8, 7, 789, 789
9, 4, 5, 594, 594
1, 1, 3, 311, 311
4, 7, 4, 447, 447
7, 3, 2, 372, 372
1, 3, 9, 931, 931
7, 5, 1, 175, 175
3, 3, 4, 343, 343
9, 6, 6, 669, 669
1, 8, 1, 118, 118
3, 6, 2, 623, 623
7, 6, 5, 657, 657
4, 8, 7, 784, 784
4, 2, 2, 224, 224
4, 5, 3, 534, 534
8, 4, 1, 418, 418
7, 5, 9, 957, 957
7, 6, 2, 627, 627
3, 6, 2, 623, 623
2, 2, 3, 232, 232
8, 9, 1, 981, 981
1, 7, 3, 371, 371
6, 5, 1, 165, 165
4, 5, 2, 254, 254
1, 2, 6, 216, 216
8, 5, 1, 581, 581
8, 5, 2, 528, 528
8, 6, 7, 876, 876
4, 4, 7, 744, 744
7, 2, 5, 275, 275
7, 6, 1, 617, 617
2, 8, 5, 582, 582
2, 8, 7, 782, 782
5, 9, 1, 519, 519
5, 9, 3, 395, 395
6, 1, 9, 196, 196
2, 3, 4, 432, 432
9, 2, 6, 629, 629
6, 4, 1, 164, 164
8, 9, 6, 698, 698
1, 3, 7, 713, 713
1, 9, 4, 941, 941
3, 7, 9, 973, 973
9, 8, 4, 489, 489
1, 7, 1, 711, 711
4, 5, 6, 645, 645
9, 5, 9, 995, 995
8, 7, 6, 786, 786
7, 1, 4, 174, 174
7, 4, 8, 478, 478
5, 1, 1, 151, 151
8, 7, 5, 758, 758
1, 3, 1, 113, 113
9, 2, 1, 129, 129
3, 6, 9, 639, 639
2, 5, 4, 524, 524
1, 6, 8, 816, 816
9, 2, 9, 992, 992
8, 8, 9, 988, 988
7, 1, 3, 731, 731
1, 6, 3, 361, 361
9, 5, 2, 529, 529
1, 7, 4, 741, 741
3, 9, 6, 936, 936
8, 2, 7, 782, 782
1, 8, 4, 418, 418
5, 8, 6, 865, 865
6, 2, 6, 266, 266
6, 9, 7, 769, 769
8, 6, 3, 386, 386
3, 9, 2, 329, 329
1, 8, 7, 817, 817
9, 8, 2, 892, 892
2, 6, 3, 236, 236
7, 4, 5, 457, 457
6, 4, 1, 614, 614
1, 5, 3, 513, 513
4, 2, 1, 142, 142
3, 6, 4, 634, 634
1, 2, 8, 812, 812
7, 6, 2, 726, 726
1, 6, 8, 861, 861
9, 3, 9, 399, 399
2, 3, 7, 372, 372
9, 9, 8, 989, 989
2, 8, 6, 628, 628
9, 9, 1, 919, 919
2, 9, 5, 952, 952
5, 4, 3, 453, 453
8, 2, 6, 628, 628
3, 2, 7, 723, 723
4, 5, 2, 524, 524
5, 1, 9, 915, 915
5, 3, 6, 356, 356
7, 7, 6, 677, 677
7, 3, 1, 317, 317
8, 3, 3, 383, 383
4, 2, 5, 254, 254
2, 9, 8, 982, 982
6, 8, 4, 468, 468
6, 6, 3, 366, 366
1, 4, 6, 641, 641
8, 9, 4, 984, 984
5, 8, 2, 258, 258
2, 6, 1, 621, 621
8, 9, 5, 589, 589
9, 8, 6, 869, 869
4, 5, 3, 354, 354
1, 3, 8, 183, 183
3, 1, 1, 113, 113
6, 6, 5, 656, 656
2, 6, 2, 226, 226
3, 8, 7, 873, 873
9, 7, 2, 297, 297
6, 4, 1, 614, 614
5, 6, 3, 365, 365
3, 7, 3, 733, 733
3, 2, 4, 342, 342
7, 8, 8, 887, 887
4, 5, 9, 945, 945
4, 8, 9, 984, 984
3, 7, 5, 537, 537
5, 9, 1, 915, 915
7, 2, 9, 792, 792
6, 3, 3, 363, 363
7, 9, 9, 997, 997
5, 7, 2, 527, 527
7, 8, 8, 878, 878
5, 8, 5, 855, 855
9, 1, 8, 891, 891
1, 6, 7, 716, 716
1, 3, 8, 813, 813
9, 1, 3, 391, 391
6, 3, 1, 316, 316
6, 7, 6, 766, 766
4, 6, 8, 684, 684
3, 2, 3, 233, 233
6, 2, 7, 726, 726
8, 7, 3, 783, 783
5, 2, 3, 235, 235
9, 8, 2, 289, 289
2, 5, 6, 526, 526
7, 9, 6, 679, 679
5, 6, 4, 654, 654
9, 5, 4, 495, 495
7, 7, 9, 797, 797
1, 6, 2, 126, 126
1, 9, 2, 921, 921
6, 1, 1, 116, 116
9, 9, 7, 799, 799
9, 1, 2, 291, 291
9, 2, 8, 982, 982
6, 1, 9, 916, 916
3, 1, 2, 213, 213
6, 1, 1, 161, 161
7, 5, 3, 573, 573
9, 5, 1, 519, 519
8, 6, 2, 286, 286
3, 5, 2, 532, 532
2, 4, 7, 274, 274
9, 3, 5, 395, 395
8, 9, 6, 869, 869
2, 1, 9, 921, 921
9, 6, 7, 796, 796
9, 7, 3, 739, 739
8, 7, 5, 587, 587
1, 2, 8, 182, 182
7, 3, 8, 783, 783
6, 7, 7, 767, 767
2, 9, 6, 269, 269
2, 5, 5, 552, 552
8, 4, 4, 448, 448
4, 1, 6, 641, 641
4, 7, 4, 744, 744
5, 8, 5, 558, 558
8, 6, 9, 896, 896
5, 6, 7, 765, 765
1, 9, 5, 915, 915
7, 4, 5, 754, 754
2, 8, 6, 862, 862
6, 9, 1, 169, 169
8, 5, 3, 358, 358
1, 2, 5, 251, 251
7, 4, 6, 467, 467
9, 2, 5, 259, 259
8, 3, 1, 381, 381
9, 4, 3, 394, 394
8, 2, 2, 282, 282
5, 6, 4, 654, 654
2, 6, 4, 642, 642
1, 9, 4, 941, 941
6, 6, 3, 636, 636
8, 1, 9, 189, 189
8, 4, 1, 481, 481
6, 5, 4, 456, 456
7, 7, 1, 177, 177
8, 1, 1, 181, 181
9, 5, 8, 589, 589
4, 2, 8, 284, 284
2, 3, 9, 392, 392
9, 3, 9, 993, 993
5, 2, 6, 625, 625
5, 4, 1, 145, 145
2, 3, 6, 632, 632
6, 9, 4, 496, 496
8, 1, 5, 518, 518
4, 3, 6, 364, 364
8, 9, 7, 798, 798
3, 5, 5, 553, 553
8, 5, 6, 568, 568
9, 3, 1, 139, 139
6, 5, 8, 586, 586
8, 4, 2, 248, 248
8, 9, 2, 289, 289
4, 2, 7, 274, 274
5, 9, 1, 159, 159
9, 6, 2, 269, 269
3, 1, 4, 134, 134
4, 6, 1, 164, 164
5, 8, 6, 865, 865
4, 7, 3, 374, 374
7, 2, 8, 827, 827
5, 8, 6, 856, 856
2, 8, 9, 829, 829
8, 2, 7, 728, 728
8, 9, 2, 298, 298
6, 8, 5, 586, 586
7, 6, 5, 756, 756
1, 3, 5, 351, 351
7, 6, 8, 867, 867
5, 1, 2, 251, 251
8, 7, 1, 178, 178
4, 4, 1, 414, 414
9, 3, 7, 793, 793
4, 9, 9, 994, 994
4, 7, 2, 274, 274
3, 7, 9, 397, 397
1, 3, 7, 713, 713
6, 5, 9, 956, 956
8, 7, 5, 587, 587
6, 2, 6, 662, 662
6, 6, 7, 676, 676
7, 1, 9, 179, 179
8, 5, 2, 285, 285
1, 9, 8, 981, 981
6, 7, 5, 756, 756
4, 8, 5, 548, 548
5, 7, 9, 597, 597
1, 7, 1, 711, 711
2, 7, 7, 727, 727
1, 3, 6, 163, 163
2, 5, 4, 425, 425
9, 1, 5, 591, 591
5, 4, 6, 564, 564
2, 5, 1, 125, 125
2, 9, 4, 492, 492
7, 8, 5, 857, 857
1, 3, 1, 113, 113
7, 6, 1, 716, 716
7, 9, 8, 987, 987
2, 1, 9, 129, 129
8, 1, 8, 188, 188
6, 1, 6, 166, 166
2, 5, 4, 452, 452
8, 1, 2, 128, 128
3, 8, 9, 983, 983
2, 3, 4, 243, 243
5, 2, 6, 265, 265
9, 8, 6, 896, 896
1, 4, 2, 412, 412
1, 7, 3, 371, 371
3, 7, 5, 735, 735
1, 7, 5, 157, 157
8, 7, 4, 487, 487
5, 1, 1, 151, 151
3, 4, 5, 543, 543
6, 4, 3, 463, 463
1, 6, 8, 816, 816
7, 6, 5, 576, 576
8, 6, 4, 846, 846
8, 7, 6, 786, 786
6, 7, 5, 576, 576
2, 5, 6, 526, 526
1, 4, 8, 418, 418
4, 9, 1, 914, 914
7, 7, 4, 747, 747
1, 8, 9, 819, 819
5, 4, 2, 254, 254
4, 3, 2, 342, 342
5, 8, 6, 568, 568
7, 9, 7, 977, 977
4, 4, 1, 414, 414
4, 1, 7, 741, 741
2, 9, 5, 529, 529
6, 2, 1, 261, 261
4, 2, 4, 244, 244
4, 1, 6, 461, 461
2, 3, 3, 323, 323
5, 6, 5, 655, 655
1, 7, 3, 371, 371
7, 2, 7, 772, 772
3, 8, 1, 138, 138
6, 3, 3, 363, 363
1, 9, 3, 319, 319
8, 2, 3, 283, 283
4, 2, 1, 241, 241
4, 8, 8, 848, 848
7, 3, 2, 723, 723
6, 5, 2, 256, 256
8, 1, 5, 158, 158
6, 9, 4, 649, 649
5, 2, 7, 752, 752
9, 4, 6, 496, 496
7, 6, 7, 677, 677
8, 9, 4, 984, 984
3, 3, 4, 343, 343
3, 4, 9, 493, 493
2, 4, 5, 254, 254
4, 3, 4, 344, 344
4, 5, 5, 545, 545
4, 3, 1, 413, 413
7, 2, 8, 872, 872
2, 1, 9, 192, 192
6, 8, 8, 868, 868
7, 3, 8, 837, 837
7, 4, 4, 474, 474
5, 8, 7, 578, 578
4, 6, 1, 614, 614
6, 3, 3, 336, 336
5, 6, 8, 658, 658
5, 8, 8, 885, 885
2, 4, 7, 274, 274
4, 9, 1, 194, 194
7, 1, 5, 157, 157
9, 8, 1, 891, 891
6, 7, 8, 876, 876
7, 1, 8, 871, 871
9, 7, 9, 997, 997
9, 1, 5, 159, 159
8, 4, 9, 984, 984
1, 8, 2, 812, 812
8, 6, 9, 698, 698
2, 8, 2, 822, 822
2, 2, 4, 242, 242
6, 2, 9, 692, 692
7, 2, 9, 927, 927
9, 5, 4, 594, 594
5, 2, 6, 265, 265
2, 5, 5, 552, 552
4, 2, 1, 412, 412
2, 4, 5, 452, 452
5, 3, 1, 351, 351
3, 7, 7, 737, 737
3, 1, 8, 813, 813
3, 8, 3, 338, 338
7, 3, 2, 327, 327
5, 6, 8, 685, 685
7, 3, 5, 573, 573
6, 8, 5, 568, 568
5, 8, 9, 985, 985
4, 6, 1, 146, 146
3, 9, 5, 953, 953
8, 1, 2, 128, 128
6, 8, 1, 618, 618
3, 7, 2, 723, 723
8, 7, 5, 578, 578
6, 3, 5, 365, 365
6, 7, 8, 876, 876
4, 6, 2, 246, 246
4, 1, 8, 481, 481
3, 3, 5, 533, 533
7, 6, 2, 672, 672
6, 4, 9, 496, 496
1, 2, 7, 271, 271
1, 5, 9, 591, 591
8, 2, 3, 382, 382
4, 7, 9, 794, 794
1, 9, 4, 941, 941
4, 3, 3, 334, 334
5, 2, 1, 512, 512
4, 7, 7, 774, 774
7, 5, 4, 547, 547
4, 7, 6, 674, 674
1, 4, 6, 164, 164
1, 4, 3, 314, 314
2, 3, 5, 532, 532
8, 7, 7, 778, 778
1, 3, 4, 314, 314
7, 7, 8, 787, 787
5, 8, 9, 598, 598
2, 4, 3, 342, 342
7, 5, 6, 576, 576
9, 1, 3, 139, 139
6, 6, 8, 866, 866
3, 7, 7, 737, 737
2, 5, 4, 452, 452
3, 5, 9, 953, 953
7, 4, 5, 457, 457
6, 9, 2, 926, 926
7, 4, 4, 474, 474
5, 1, 4, 154, 154
4, 7, 3, 743, 743
2, 7, 7, 772, 772
2, 8, 9, 829, 829
8, 7, 1, 187, 187
6, 3, 4, 463, 463
1, 9, 7, 719, 719
7, 7, 6, 767, 767
5, 7, 4, 457, 457
3, 3, 9, 933, 933
1, 6, 2, 261, 261
4, 3, 8, 483, 483
7, 8, 2, 827, 827
9, 4, 7, 794, 794
8, 6, 5, 658, 658
4, 5, 5, 545, 545
4, 6, 1, 146, 146
9, 9, 2, 929, 929
4, 8, 2, 824, 824
8, 1, 7, 187, 187
9, 5, 2, 295, 295
1, 3, 7, 173, 173
3, 7, 4, 347, 347
4, 4, 3, 344, 344
2, 9, 2, 922, 922
8, 4, 3, 834, 834
2, 2, 9, 292, 292
2, 1, 5, 521, 521
5, 7, 9, 597, 597
4, 2, 5, 524, 524
9, 7, 9, 799, 799
2, 7, 5, 725, 725
1, 2, 8, 821, 821
7, 4, 4, 447, 447
2, 2, 8, 282, 282
8, 1, 1, 181, 181
7, 1, 2, 172, 172
4, 4, 9, 944, 944
2, 4, 3, 432, 432
8, 9, 7, 879, 879
5, 9, 7, 795, 795
7, 9, 1, 179, 179
1, 8, 7, 781, 781
6, 3, 7, 673, 673
6, 4, 7, 674, 674
1, 2, 4, 241, 241
5, 6, 5, 556, 556
6, 9, 1, 619, 619
8, 5, 5, 585, 585
6, 7, 5, 765, 765
3, 7, 4, 734, 734
7, 6, 5, 756, 756
5, 8, 2, 852, 852
1, 3, 9, 913, 913
8, 6, 9, 896, 896
1, 9, 8, 891, 891
1, 2, 5, 512, 512
9, 7, 6, 967, 967
2, 1, 3, 123, 123
5, 9, 6, 659, 659
7, 6, 3, 367, 367
6, 3, 1, 163, 163
4, 2, 5, 524, 524
2, 5, 6, 265, 265
7, 8, 6, 678, 678
1, 9, 1, 911, 911
7, 6, 3, 376, 376
6, 3, 2, 623, 623
9, 6, 4, 946, 946
3, 7, 9, 937, 937
7, 6, 3, 637, 637
3, 9, 2, 932, 932
2, 8, 7, 827, 827
7, 1, 2, 271, 271
1, 5, 6, 561, 561
9, 9, 7, 799, 799
3, 9, 2, 293, 293
1, 9, 3, 913, 913
2, 8, 5, 582, 582
8, 8, 1, 188, 188
2, 2, 6, 622, 622
8, 7, 9, 789, 789
9, 2, 9, 299, 299
2, 9, 4, 942, 942
8, 5, 4, 458, 458
3, 1, 2, 213, 213
1, 6, 8, 618, 618
6, 3, 8, 386, 386
4, 7, 5, 547, 547
5, 1, 6, 561, 561
5, 9, 4, 954, 954
4, 5, 1, 415, 415
9, 7, 4, 497, 497
4, 5, 2, 254, 254
4, 8, 7, 784, 784
3, 6, 4, 634, 634
4, 1, 7, 174, 174
2, 8, 1, 128, 128
9, 5, 7, 975, 975
9, 9, 6, 699, 699
1, 4, 9, 194, 194
4, 9, 7, 974, 974
4, 7, 7, 747, 747
4, 1, 5, 451, 451
1, 5, 8, 518, 518
6, 3, 1, 163, 163
8, 4, 8, 488, 488
3, 6, 3, 633, 633
7, 4, 5, 457, 457
6, 7, 4, 647, 647
7, 5, 9, 597, 597
4, 7, 8, 847, 847
2, 4, 1, 412, 412
7, 1, 9, 179, 179
4, 5, 1, 514, 514
2, 7, 6, 267, 267
6, 9, 1, 961, 961
6, 2, 6, 266, 266
3, 7, 8, 387, 387
2, 9, 5, 592, 592
1, 9, 4, 419, 419
1, 2, 6, 612, 612
1, 2, 9, 912, 912
3, 3, 1, 313, 313
6, 9, 4, 496, 496
7, 6, 6, 667, 667
6, 6, 5, 566, 566
3, 9, 5, 359, 359
1, 6, 8, 861, 861
1, 7, 3, 371, 371
6, 8, 7, 768, 768
8, 9, 9, 989, 989
4, 9, 1, 941, 941
4, 2, 2, 224, 224
7, 2, 5, 572, 572
8, 4, 9, 894, 894
9, 6, 6, 696, 696
6, 8, 7, 786, 786
9, 1, 3, 139, 139
9, 1, 1, 119, 119
6, 8, 2, 268, 268
4, 4, 8, 484, 484
3, 4, 6, 436, 436
1, 3, 5, 153, 153
4, 9, 7, 947, 947
3, 2, 3, 332, 332
3, 5, 3, 533, 533
9, 2, 2, 229, 229
1, 3, 4, 413, 413
7, 8, 2, 287, 287
5, 9, 1, 951, 951
7, 2, 3, 237, 237
9, 2, 6, 296, 296
7, 9, 7, 977, 977
4, 2, 9, 492, 492
1, 2, 4, 421, 421
9, 3, 3, 393, 393
1, 3, 8, 831, 831
7, 9, 2, 297, 297
5, 9, 2, 529, 529
5, 4, 2, 524, 524
3, 2, 8, 382, 382
1, 8, 7, 871, 871
4, 3, 9, 394, 394
8, 9, 3, 839, 839
6, 4, 4, 464, 464
3, 7, 7, 737, 737
2, 1, 5, 125, 125
1, 1, 3, 131, 131
4, 2, 8, 842, 842
8, 3, 3, 338, 338
2, 6, 9, 692, 692
7, 2, 4, 472, 472
2, 4, 9, 492, 492
5, 3, 4, 435, 435
3, 4, 8, 438, 438
7, 8, 6, 687, 687
7, 8, 3, 387, 387
1, 6, 5, 615, 615
4, 6, 3, 436, 436
8, 3, 3, 383, 383
1, 2, 3, 231, 231
9, 7, 9, 997, 997
8, 4, 9, 489, 489
5, 4, 2, 524, 524
2, 5, 1, 521, 521
1, 8, 5, 851, 851
4, 6, 4, 446, 446
1, 3, 5, 153, 153
5, 6, 3, 635, 635
8, 4, 8, 488, 488
9, 2, 2, 229, 229
6, 8, 2, 268, 268
2, 7, 6, 267, 267
6, 8, 7, 876, 876
2, 1, 5, 521, 521
4, 3, 2, 423, 423
2, 1, 6, 126, 126
8, 4, 8, 488, 488
1, 6, 1, 116, 116
5, 5, 7, 575, 575
6, 1, 6, 166, 166
5, 4, 4, 445, 445
3, 6, 7, 763, 763
6, 2, 3, 326, 326
5, 7, 1, 517, 517
3, 2, 2, 223, 223
5, 9, 1, 159, 159
4, 3, 1, 341, 341
6, 9, 1, 169, 169
5, 4, 7, 754, 754
4, 3, 9, 493, 493
3, 6, 3, 336, 336
6, 9, 7, 976, 976
7, 7, 3, 737, 737
8, 3, 4, 348, 348
4, 2, 8, 842, 842
5, 9, 9, 995, 995
9, 5, 4, 594, 594
1, 5, 4, 541, 541
9, 5, 9, 995, 995
5, 5, 9, 955, 955
3, 2, 2, 232, 232
9, 8, 1, 891, 891
9, 3, 7, 739, 739
7, 6, 9, 967, 967
2, 7, 1, 127, 127
1, 8, 6, 861, 861
1, 8, 7, 817, 817
8, 2, 2, 228, 228
2, 2, 9, 922, 922
9, 5, 3, 593, 593
2, 8, 6, 826, 826
9, 2, 6, 692, 692
9, 5, 3, 395, 395
6, 2, 4, 246, 246
5, 9, 1, 519, 519
5, 2, 3, 532, 532
8, 8, 9, 898, 898
4, 3, 9, 394, 394
2, 8, 3, 823, 823
5, 2, 8, 258, 258
8, 3, 7, 378, 378
6, 8, 7, 678, 678
5, 6, 1, 516, 516
2, 3, 2, 223, 223
7, 8, 3, 378, 378
3, 6, 7, 637, 637
5, 5, 6, 655, 655
2, 2, 6, 262, 262
2, 9, 7, 972, 972
2, 4, 2, 224, 224
9, 5, 5, 595, 595
6, 9, 5, 659, 659
4, 5, 3, 345, 345
4, 3, 7, 374, 374
8, 9, 4, 489, 489
5, 9, 1, 519, 519
6, 9, 2, 296, 296
7, 4, 7, 774, 774
4, 6, 2, 642, 642
2, 6, 5, 526, 526
8, 3, 9, 893, 893
6, 7, 3, 736, 736
9, 2, 3, 293, 293
1, 1, 8, 811, 811
3, 4, 2, 243, 243
1, 2, 3, 321, 321
4, 8, 7, 874, 874
2, 7, 9, 297, 297
5, 9, 7, 975, 975
1, 3, 3, 331, 331
7, 2, 4, 427, 427
7, 9, 9, 979, 979
3, 8, 1, 138, 138
4, 9, 4, 449, 449
4, 9, 8, 849, 849
1, 6, 2, 126, 126
1, 2, 6, 621, 621
5, 8, 1, 815, 815
4, 3, 5, 354, 354
6, 4, 9, 469, 469
4, 1, 2, 241, 241
1, 1, 5, 511, 511
4, 1, 5, 451, 451
7, 4, 2, 724, 724
8, 3, 9, 893, 893
5, 6, 2, 256, 256
4, 4, 2, 244, 244
4, 9, 2, 942, 942
2, 4, 7, 472, 472
5, 1, 5, 155, 155
9, 6, 2, 629, 629
8, 1, 2, 821, 821
2, 1, 6, 612, 612
4, 7, 9, 497, 497
1, 7, 2, 217, 217
6, 3, 3, 336, 336
5, 7, 4, 547, 547
4, 3, 7, 734, 734
4, 4, 7, 744, 744
8, 5, 5, 585, 585
5, 3, 2, 253, 253
8, 2, 2, 282, 282
6, 1, 6, 661, 661
9, 6, 1, 691, 691
7, 9, 2, 972, 972
9, 1, 5, 519, 519
8, 3, 6, 863, 863
5, 4, 3, 435, 435
8, 4, 1, 481, 481
7, 8, 8, 878, 878
8, 2, 7, 278, 278
7, 3, 7, 377, 377
9, 2, 1, 129, 129
1, 5, 3, 513, 513
6, 4, 2, 624, 624
4, 8, 3, 384, 384
1, 7, 3, 371, 371
4, 5, 8, 845, 845
1, 3, 5, 153, 153
1, 8, 5, 581, 581
5, 3, 4, 345, 345
4, 7, 9, 749, 749
6, 3, 9, 963, 963
9, 4, 2, 492, 492
9, 4, 2, 492, 492
3, 2, 1, 312, 312
2, 8, 6, 826, 826
9, 5, 5, 559, 559
5, 1, 3, 153, 153
7, 6, 5, 567, 567
3, 4, 9, 439, 439
5, 5, 8, 855, 855
2, 6, 5, 256, 256
2, 1, 9, 912, 912
5, 3, 2, 523, 523
8, 3, 4, 348, 348
3, 7, 4, 734, 734
5, 6, 3, 635, 635
9, 7, 3, 397, 397
6, 9, 2, 269, 269
1, 1, 4, 411, 411
3, 6, 9, 936, 936
1, 9, 1, 119, 119
5, 3, 7, 573, 573
1, 9, 3, 931, 931
8, 7, 7, 778, 778
9, 9, 3, 399, 399
8, 4, 6, 648, 648
5, 8, 7, 875, 875
1, 6, 8, 186, 186
9, 4, 8, 489, 489
3, 6, 1, 613, 613
9, 8, 3, 389, 389
6, 1, 5, 516, 516
4, 1, 6, 614, 614
7, 6, 1, 716, 716
7, 8, 1, 718, 718
5, 6, 8, 658, 658
5, 1, 8, 185, 185
6, 2, 5, 562, 562
5, 2, 8, 582, 582
3, 6, 4, 346, 346
7, 9, 3, 739, 739
9, 8, 6, 896, 896
1, 9, 7, 791, 791
1, 1, 8, 181, 181
7, 2, 1, 217, 217
3, 8, 9, 839, 839
1, 7, 2, 712, 712
2, 9, 1, 129, 129
3, 4, 1, 134, 134
7, 2, 5, 527, 527
1, 6, 7, 716, 716
9, 1, 3, 931, 931
2, 8, 5, 852, 852
2, 9, 1, 912, 912
7, 5, 8, 857, 857
1, 3, 5, 531, 531
5, 8, 4, 458, 458
7, 5, 9, 597, 597
7, 5, 2, 527, 527
1, 1, 8, 811, 811
9, 8, 7, 897, 897
5, 7, 5, 557, 557
8, 4, 5, 485, 485
5, 6, 2, 256, 256
9, 1, 9, 991, 991
4, 2, 4, 442, 442
9, 2, 1, 291, 291
4, 7, 2, 247, 247
2, 3, 8, 328, 328
2, 8, 7, 728, 728
4, 8, 5, 548, 548
5, 5, 2, 255, 255
8, 6, 1, 168, 168
9, 6, 7, 976, 976
2, 4, 3, 423, 423
6, 8, 8, 886, 886
6, 1, 6, 166, 166
2, 5, 5, 552, 552
1, 7, 2, 712, 712
9, 6, 5, 956, 956
6, 3, 6, 663, 663
2, 3, 2, 322, 322
1, 9, 1, 911, 911
5, 7, 4, 457, 457
6, 8, 3, 638, 638
1, 8, 6, 168, 168
8, 2, 6, 682, 682
2, 9, 3, 932, 932
1, 9, 8, 891, 891
8, 5, 4, 548, 548
8, 3, 1, 318, 318
5, 9, 8, 589, 589
1, 3, 5, 513, 513
3, 5, 5, 535, 535
8, 7, 8, 887, 887
3, 1, 3, 133, 133
7, 3, 4, 473, 473
1, 2, 8, 812, 812
7, 6, 4, 476, 476
2, 1, 7, 721, 721
8, 7, 1, 187, 187
2, 8, 7, 827, 827
9, 1, 2, 219, 219
7, 6, 7, 776, 776
6, 4, 7, 764, 764
7, 1, 1, 117, 117
1, 2, 7, 172, 172
1, 3, 7, 173, 173
4, 4, 5, 454, 454
4, 2, 1, 412, 412
3, 5, 7, 573, 573
2, 7, 7, 727, 727
6, 1, 1, 116, 116
7, 1, 6, 671, 671
5, 6, 8, 865, 865
6, 1, 4, 164, 164
2, 2, 3, 322, 322
6, 6, 3, 636, 636
5, 1, 9, 591, 591
1, 8, 8, 881, 881
2, 8, 2, 228, 228
1, 4, 4, 441, 441
1, 2, 1, 112, 112
4, 2, 1, 214, 214
3, 9, 4, 934, 934
1, 4, 9, 941, 941
3, 2, 8, 382, 382
2, 5, 6, 526, 526
8, 1, 4, 184, 184
4, 1, 7, 741, 741
4, 6, 9, 649, 649
1, 8, 2, 812, 812
8, 1, 4, 148, 148
5, 3, 1, 315, 315
5, 3, 5, 553, 553
5, 3, 4, 543, 543
4, 7, 3, 437, 437
3, 2, 1, 312, 312
3, 3, 2, 233, 233
9, 4, 4, 449, 449
3, 9, 4, 934, 934
7, 2, 7, 772, 772
5, 2, 8, 582, 582
9, 8, 6, 689, 689
9, 2, 1, 291, 291
5, 8, 2, 285, 285
6, 4, 9, 964, 964
2, 4, 5, 425, 425
9, 6, 7, 697, 697
4, 2, 7, 742, 742
8, 2, 8, 882, 882
4, 3, 1, 134, 134
4, 8, 3, 843, 843
2, 2, 5, 522, 522
2, 6, 5, 256, 256
9, 1, 3, 391, 391
9, 8, 7, 978, 978
5, 8, 2, 285, 285
6, 7, 2, 267, 267
6, 2, 7, 267, 267
9, 8, 4, 489, 489
4, 5, 3, 345, 345
4, 4, 5, 454, 454
4, 7, 1, 417, 417
1, 1, 2, 211, 211
2, 6, 7, 726, 726
4, 4, 5, 544, 544
7, 4, 8, 478, 478
5, 8, 3, 538, 538
4, 4, 2, 424, 424
8, 3, 5, 358, 358
3, 6, 4, 643, 643
1, 4, 4, 414, 414
6, 7, 1, 167, 167
4, 6, 2, 624, 624
5, 8, 4, 485, 485
9, 7, 1, 791, 791
2, 5, 3, 235, 235
9, 8, 2, 289, 289
7, 1, 1, 117, 117
9, 5, 4, 945, 945
1, 7, 3, 137, 137
3, 9, 7, 973, 973
8, 5, 1, 518, 518
1, 5, 6, 615, 615
2, 4, 6, 462, 462
5, 1, 6, 651, 651
2, 2, 3, 232, 232
3, 3, 6, 363, 363
9, 6, 8, 986, 986
1, 6, 9, 196, 196
1, 3, 7, 713, 713
6, 5, 3, 536, 536
1, 3, 6, 631, 631
3, 1, 9, 139, 139
2, 1, 7, 712, 712
8, 9, 7, 978, 978
5, 4, 2, 524, 524
7, 7, 2, 277, 277
1, 8, 4, 481, 481
2, 7, 2, 722, 722
9, 6, 7, 679, 679
4, 2, 7, 274, 274
6, 2, 5, 526, 526
5, 6, 1, 651, 651
6, 6, 8, 686, 686
3, 6, 4, 643, 643
1, 3, 1, 113, 113
9, 5, 8, 598, 598
5, 3, 5, 553, 553
6, 8, 4, 486, 486
7, 5, 3, 573, 573
9, 9, 8, 899, 899
4, 2, 3, 324, 324
6, 7, 4, 647, 647
4, 9, 2, 249, 249
6, 6, 5, 656, 656
9, 8, 1, 198, 198
5, 3, 2, 253, 253
5, 3, 8, 358, 358
2, 3, 2, 223, 223
6, 5, 9, 956, 956
5, 4, 2, 524, 524
6, 6, 2, 626, 626
5, 1, 8, 851, 851
4, 1, 1, 141, 141
1, 6, 8, 861, 861
2, 5, 6, 526, 526
1, 3, 9, 391, 391
5, 3, 6, 635, 635
8, 9, 8, 988, 988
1, 2, 9, 192, 192
5, 9, 9, 959, 959
9, 9, 1, 199, 199
5, 5, 1, 155, 155
1, 3, 6, 613, 613
8, 9, 4, 489, 489
9, 8, 2, 829, 829
6, 7, 8, 768, 768
6, 5, 9, 569, 569
2, 7, 6, 672, 672
9, 1, 5, 519, 519
1, 3, 8, 813, 813
4, 5, 5, 554, 554
3, 6, 6, 636, 636
2, 8, 8, 828, 828
4, 3, 3, 343, 343
5, 2, 7, 752, 752
9, 4, 8, 984, 984
7, 2, 3, 273, 273
4, 5, 3, 543, 543
4, 1, 5, 154, 154
3, 9, 2, 293, 293
6, 8, 3, 368, 368
2, 2, 8, 282, 282
8, 6, 1, 168, 168
2, 7, 5, 527, 527
4, 7, 7, 747, 747
9, 7, 4, 479, 479
1, 7, 4, 741, 741
6, 4, 9, 496, 496
5, 9, 8, 589, 589
4, 3, 6, 346, 346
2, 6, 7, 762, 762
1, 9, 5, 951, 951
7, 4, 4, 447, 447
4, 6, 8, 648, 648
7, 9, 3, 379, 379
7, 3, 8, 873, 873
1, 7, 3, 731, 731
7, 5, 9, 597, 597
8, 1, 4, 148, 148
1, 7, 5, 157, 157
8, 2, 5, 258, 258
6, 7, 5, 567, 567
3, 5, 4, 345, 345
3, 8, 9, 398, 398
7, 4, 8, 847, 847
5, 6, 3, 365, 365
8, 6, 9, 689, 689
2, 6, 9, 692, 692
3, 2, 2, 223, 223
4, 1, 1, 141, 141
2, 6, 7, 672, 672
2, 9, 2, 922, 922
2, 4, 2, 224, 224
1, 4, 8, 418, 418
3, 3, 5, 533, 533
9, 7, 8, 789, 789
2, 5, 2, 225, 225
3, 1, 8, 381, 381
4, 2, 1, 124, 124
5, 6, 7, 657, 657
6, 8, 3, 386, 386
2, 6, 2, 226, 226
1, 4, 5, 541, 541
6, 4, 7, 467, 467
7, 4, 6, 647, 647
1, 8, 5, 851, 851
8, 7, 6, 687, 687
3, 8, 8, 883, 883
5, 1, 5, 155, 155
3, 9, 8, 938, 938
9, 6, 2, 692, 692
1, 1, 4, 411, 411
1, 7, 4, 714, 714
3, 2, 1, 123, 123
6, 4, 7, 746, 746
3, 4, 6, 436, 436
5, 3, 6, 653, 653
3, 1, 6, 163, 163
5, 8, 9, 958, 958
8, 6, 1, 168, 168
6, 9, 3, 936, 936
7, 1, 3, 173, 173
2, 1, 2, 122, 122
9, 8, 4, 948, 948
1, 3, 5, 153, 153
8, 4, 2, 824, 824
9, 1, 4, 491, 491
4, 8, 3, 834, 834
8, 6, 8, 688, 688
4, 8, 9, 948, 948
7, 8, 6, 768, 768
2, 4, 4, 424, 424
9, 8, 7, 978, 978
7, 1, 5, 517, 517
8, 1, 2, 182, 182
9, 1, 5, 951, 951
6, 9, 3, 639, 639
9, 7, 9, 997, 997
9, 9, 4, 949, 949
9, 3, 5, 593, 593
6, 8, 8, 868, 868
1, 6, 9, 196, 196
6, 3, 3, 363, 363
9, 9, 3, 939, 939
7, 8, 3, 738, 738
2, 9, 2, 229, 229
2, 9, 3, 392, 392
9, 7, 5, 957, 957
1, 3, 7, 371, 371
2, 1, 5, 521, 521
8, 3, 1, 318, 318
2, 4, 1, 421, 421
7, 9, 1, 917, 917
5, 9, 3, 953, 953
2, 4, 3, 234, 234
9, 8, 6, 896, 896
8, 3, 4, 483, 483
7, 1, 1, 117, 117
8, 5, 5, 558, 558
5, 1, 4, 145, 145
2, 5, 9, 295, 295
1, 6, 1, 611, 611
7, 7, 1, 177, 177
6, 5, 7, 675, 675
3, 5, 6, 653, 653
2, 8, 6, 268, 268
3, 8, 6, 683, 683
5, 2, 4, 542, 542
1, 8, 8, 881, 881
8, 6, 7, 786, 786
8, 3, 3, 338, 338
8, 7, 5, 578, 578
8, 1, 6, 618, 618
5, 1, 8, 851, 851
4, 9, 8, 489, 489
9, 2, 1, 129, 129
7, 1, 4, 471, 471
2, 2, 7, 272, 272
1, 7, 3, 713, 713
9, 1, 1, 119, 119
6, 8, 9, 968, 968
4, 8, 3, 843, 843
6, 3, 9, 693, 693
5, 5, 9, 955, 955
8, 5, 8, 885, 885
4, 6, 7, 764, 764
9, 7, 1, 197, 197
6, 7, 9, 976, 976
2, 3, 4, 243, 243
5, 3, 7, 375, 375
4, 8, 9, 984, 984
3, 2, 3, 332, 332
8, 6, 4, 846, 846
3, 9, 5, 935, 935
8, 5, 3, 583, 583
8, 3, 1, 813, 813
9, 4, 4, 449, 449
9, 7, 7, 779, 779
8, 6, 5, 685, 685
7, 7, 6, 677, 677
7, 5, 6, 567, 567
2, 4, 6, 264, 264
6, 5, 4, 456, 456
1, 3, 4, 143, 143
8, 8, 9, 988, 988
3, 5, 5, 553, 553
9, 5, 6, 965, 965
3, 4, 8, 483, 483
4, 5, 9, 945, 945
8, 5, 2, 258, 258
7, 3, 1, 371, 371
8, 1, 5, 518, 518
2, 1, 1, 121, 121
9, 5, 9, 599, 599
5, 9, 5, 955, 955
7, 8, 1, 871, 871
7, 5, 9, 975, 975
8, 5, 9, 895, 895
1, 8, 2, 218, 218
7, 1, 4, 471, 471
6, 7, 7, 776, 776
4, 3, 5, 345, 345
9, 1, 5, 195, 195
1, 7, 9, 791, 791
8, 6, 5, 586, 586
6, 1, 7, 671, 671
2, 5, 5, 525, 525
5, 8, 3, 835, 835
9, 2, 9, 992, 992
5, 9, 5, 559, 559
7, 9, 2, 729, 729
9, 9, 7, 979, 979
2, 2, 7, 722, 722
3, 7, 5, 753, 753
4, 1, 4, 441, 441
2, 5, 1, 125, 125
8, 1, 2, 821, 821
3, 7, 8, 837, 837
6, 2, 4, 246, 246
6, 5, 1, 165, 165
2, 7, 3, 732, 732
7, 2, 1, 217, 217
3, 1, 2, 132, 132
5, 3, 6, 563, 563
3, 6, 4, 436, 436
9, 7, 8, 798, 798
9, 2, 4, 942, 942
1, 8, 3, 318, 318
2, 5, 1, 215, 215
4, 1, 9, 149, 149
3, 4, 8, 843, 843
5, 4, 3, 534, 534
3, 6, 3, 336, 336
6, 2, 1, 162, 162
8, 1, 2, 218, 218
4, 4, 8, 844, 844
7, 6, 8, 687, 687
6, 4, 6, 664, 664
1, 9, 9, 919, 919
3, 8, 7, 873, 873
8, 1, 5, 185, 185
1, 2, 4, 421, 421
1, 7, 9, 197, 197
9, 8, 6, 698, 698
8, 6, 9, 968, 968
6, 1, 9, 916, 916
3, 2, 9, 923, 923
3, 2, 1, 213, 213
1, 1, 9, 191, 191
1, 2, 2, 212, 212
6, 9, 5, 596, 596
4, 8, 1, 841, 841
3, 6, 9, 639, 639
8, 8, 7, 788, 788
2, 1, 4, 142, 142
1, 5, 1, 115, 115
6, 9, 3, 396, 396
9, 7, 8, 789, 789
9, 8, 6, 896, 896
2, 1, 4, 241, 241
9, 7, 9, 799, 799
8, 6, 1, 681, 681
6, 4, 7, 764, 764
2, 7, 6, 267, 267
7, 1, 3, 731, 731
9, 4, 4, 449, 449
5, 9, 4, 954, 954
1, 7, 6, 716, 716
4, 9, 9, 994, 994
4, 9, 9, 994, 994
9, 8, 8, 889, 889
2, 9, 8, 289, 289
8, 5, 7, 875, 875
2, 7, 4, 427, 427
8, 8, 2, 288, 288
4, 9, 7, 479, 479
4, 8, 1, 418, 418
3, 9, 8, 389, 389
2, 8, 5, 852, 852
9, 5, 8, 589, 589
2, 5, 9, 925, 925
1, 8, 7, 817, 817
7, 5, 2, 527, 527
7, 8, 8, 887, 887
2, 1, 2, 221, 221
8, 3, 7, 873, 873
6, 8, 1, 618, 618
7, 7, 5, 577, 577
4, 6, 6, 664, 664
5, 7, 4, 475, 475
4, 7, 4, 447, 447
9, 8, 1, 891, 891
7, 8, 7, 877, 877
7, 3, 2, 327, 327
3, 5, 2, 532, 532
9, 7, 4, 947, 947
9, 5, 2, 592, 592
2, 4, 8, 482, 482
1, 9, 4, 149, 149
3, 7, 4, 437, 437
8, 2, 6, 862, 862
6, 3, 6, 366, 366
4, 3, 5, 345, 345
2, 4, 4, 442, 442
4, 6, 8, 648, 648
7, 4, 3, 734, 734
5, 4, 3, 345, 345
8, 1, 6, 681, 681
6, 3, 7, 367, 367
8, 6, 8, 688, 688
2, 6, 1, 162, 162
6, 8, 8, 868, 868
8, 7, 4, 487, 487
7, 1, 8, 187, 187
2, 1, 5, 521, 521
7, 1, 3, 137, 137
3, 9, 6, 693, 693
4, 5, 4, 445, 445
9, 6, 4, 469, 469
8, 4, 5, 548, 548
5, 8, 1, 851, 851
9, 9, 4, 499, 499
8, 2, 7, 872, 872
3, 5, 2, 523, 523
3, 1, 6, 361, 361
9, 2, 7, 279, 279
7, 6, 7, 677, 677
3, 3, 1, 133, 133
1, 5, 9, 195, 195
8, 6, 2, 628, 628
7, 6, 1, 716, 716
9, 4, 7, 794, 794
5, 2, 5, 552, 552
3, 1, 4, 431, 431
3, 3, 8, 833, 833
7, 5, 4, 547, 547
1, 6, 1, 611, 611
7, 5, 4, 745, 745
1, 3, 9, 319, 319
4, 5, 5, 545, 545
4, 4, 3, 344, 344
8, 1, 5, 851, 851
7, 4, 4, 474, 474
1, 8, 7, 871, 871
3, 3, 7, 733, 733
6, 2, 7, 726, 726
3, 2, 8, 832, 832
3, 6, 6, 663, 663
2, 8, 6, 268, 268
1, 9, 2, 921, 921
6, 6, 4, 466, 466
5, 9, 4, 459, 459
6, 8, 6, 668, 668
9, 7, 8, 789, 789
2, 6, 7, 627, 627
2, 9, 5, 529, 529
8, 5, 1, 815, 815
8, 9, 4, 948, 948
6, 5, 3, 635, 635
8, 8, 6, 868, 868
8, 2, 7, 278, 278
5, 7, 9, 957, 957
9, 3, 1, 139, 139
3, 3, 6, 363, 363
4, 5, 9, 594, 594
4, 2, 1, 412, 412
4, 1, 7, 741, 741
8, 7, 3, 738, 738
7, 3, 2, 237, 237
8, 7, 6, 867, 867
7, 9, 3, 937, 937
3, 7, 9, 793, 793
3, 8, 7, 783, 783
7, 2, 8, 827, 827
6, 6, 3, 636, 636
4, 8, 1, 184, 184
3, 6, 9, 963, 963
9, 5, 4, 945, 945
8, 6, 9, 986, 986
3, 2, 6, 623, 623
8, 8, 6, 868, 868
7, 3, 8, 837, 837
1, 7, 4, 147, 147
8, 4, 3, 483, 483
7, 1, 5, 157, 157
1, 3, 9, 391, 391
9, 1, 3, 931, 931
3, 8, 7, 783, 783
4, 7, 6, 467, 467
8, 1, 6, 861, 861
9, 5, 4, 459, 459
9, 8, 2, 892, 892
4, 6, 6, 664, 664
2, 4, 5, 254, 254
4, 1, 6, 461, 461
5, 6, 5, 556, 556
6, 5, 2, 526, 526
5, 3, 5, 355, 355
1, 7, 8, 817, 817
9, 2, 2, 229, 229
3, 5, 6, 563, 563
2, 9, 1, 219, 219
2, 4, 5, 425, 425
7, 2, 5, 527, 527
6, 1, 7, 716, 716
3, 1, 4, 413, 413
5, 4, 2, 452, 452
1, 3, 9, 319, 319
9, 5, 2, 295, 295
7, 5, 6, 576, 576
9, 7, 2, 297, 297
7, 2, 2, 272, 272
4, 3, 2, 423, 423
5, 2, 8, 258, 258
9, 2, 1, 912, 912
4, 3, 5, 543, 543
7, 1, 5, 157, 157
8, 1, 3, 138, 138
2, 6, 2, 622, 622
9, 2, 2, 292, 292
9, 3, 5, 395, 395
9, 5, 3, 359, 359
2, 8, 7, 728, 728
7, 8, 2, 827, 827
4, 6, 4, 446, 446
7, 1, 7, 771, 771
7, 4, 7, 477, 477
9, 5, 7, 759, 759
4, 8, 5, 845, 845
3, 8, 8, 838, 838
5, 4, 4, 445, 445
3, 1, 2, 123, 123
9, 5, 8, 589, 589
5, 7, 6, 756, 756
2, 1, 5, 251, 251
3, 6, 5, 536, 536
7, 5, 8, 578, 578
7, 3, 8, 873, 873
6, 3, 1, 316, 316
4, 9, 7, 794, 794
8, 9, 6, 869, 869
6, 2, 7, 267, 267
5, 8, 1, 518, 518
3, 3, 8, 383, 383
5, 5, 2, 525, 525
5, 6, 6, 665, 665
8, 8, 1, 818, 818
6, 4, 3, 634, 634
6, 2, 7, 762, 762
2, 6, 9, 962, 962
1, 6, 7, 671, 671
3, 3, 9, 933, 933
4, 3, 3, 334, 334
5, 7, 4, 475, 475
5, 6, 7, 576, 576
1, 5, 8, 851, 851
5, 1, 6, 165, 165
3, 1, 4, 134, 134
6, 9, 4, 946, 946
4, 4, 3, 344, 344
5, 4, 4, 445, 445
9, 9, 7, 799, 799
2, 4, 6, 264, 264
8, 5, 6, 568, 568
4, 7, 2, 247, 247
1, 2, 7, 712, 712
5, 5, 4, 455, 455
9, 1, 1, 191, 191
7, 1, 9, 791, 791
8, 9, 4, 849, 849
3, 6, 2, 236, 236
6, 5, 2, 562, 562
8, 9, 5, 958, 958
2, 7, 3, 237, 237
6, 5, 8, 685, 685
3, 6, 4, 436, 436
1, 8, 2, 821, 821
1, 3, 5, 153, 153
1, 9, 4, 419, 419
1, 4, 3, 341, 341
1, 9, 2, 291, 291
3, 5, 6, 653, 653
7, 8, 9, 897, 897
2, 5, 1, 152, 152
2, 8, 1, 821, 821
8, 1, 5, 851, 851
5, 9, 5, 559, 559
8, 8, 1, 188, 188
8, 7, 8, 788, 788
1, 6, 7, 617, 617
4, 6, 7, 764, 764
4, 6, 7, 476, 476
3, 3, 1, 133, 133
6, 3, 6, 663, 663
3, 1, 3, 331, 331
3, 9, 5, 593, 593
6, 4, 2, 426, 426
8, 2, 4, 248, 248
2, 9, 8, 982, 982
1, 1, 6, 611, 611
7, 1, 4, 471, 471
7, 2, 5, 275, 275
4, 6, 4, 446, 446
2, 1, 6, 621, 621
3, 7, 9, 793, 793
6, 5, 7, 576, 576
9, 4, 4, 449, 449
5, 5, 9, 955, 955
9, 8, 2, 892, 892
5, 5, 3, 535, 535
8, 4, 6, 468, 468
3, 6, 4, 463, 463
1, 8, 4, 148, 148
8, 3, 9, 938, 938
8, 7, 4, 847, 847
9, 3, 2, 293, 293
9, 2, 7, 972, 972
7, 8, 3, 738, 738
1, 4, 5, 514, 514
4, 3, 4, 344, 344
9, 6, 1, 916, 916
8, 1, 1, 118, 118
2, 2, 6, 262, 262
6, 3, 5, 563, 563
9, 2, 9, 992, 992
5, 2, 3, 325, 325
7, 2, 3, 327, 327
6, 5, 3, 365, 365
6, 3, 4, 436, 436
5, 5, 9, 595, 595
3, 2, 4, 234, 234
3, 5, 7, 537, 537
7, 5, 9, 975, 975
8, 7, 2, 287, 287
9, 1, 5, 519, 519
8, 4, 5, 854, 854
1, 8, 6, 816, 816
8, 5, 9, 589, 589
2, 6, 4, 426, 426
4, 7, 1, 714, 714
3, 1, 7, 173, 173
8, 6, 7, 768, 768
7, 1, 8, 817, 817
9, 4, 4, 494, 494
6, 6, 8, 686, 686
1, 5, 6, 561, 561
5, 4, 7, 457, 457
9, 2, 4, 249, 249
5, 6, 5, 655, 655
9, 1, 5, 159, 159
5, 4, 3, 453, 453
8, 9, 9, 989, 989
5, 9, 3, 359, 359
4, 6, 7, 746, 746
9, 2, 8, 289, 289
2, 3, 2, 223, 223
5, 7, 2, 752, 752
6, 5, 4, 456, 456
7, 8, 2, 827, 827
4, 8, 9, 498, 498
2, 7, 6, 627, 627
8, 1, 7, 178, 178
9, 3, 9, 399, 399
1, 2, 7, 721, 721
1, 7, 8, 718, 718
3, 9, 3, 339, 339
8, 6, 1, 168, 168
4, 5, 1, 541, 541
7, 9, 3, 397, 397
7, 8, 5, 587, 587
6, 9, 5, 569, 569
5, 8, 7, 875, 875
1, 5, 7, 571, 571
8, 1, 2, 821, 821
6, 2, 1, 162, 162
8, 1, 6, 681, 681
9, 7, 8, 789, 789
9, 3, 9, 993, 993
5, 2, 1, 251, 251
2, 3, 5, 352, 352
2, 8, 4, 482, 482
1, 6, 4, 461, 461
4, 1, 7, 174, 174
7, 9, 7, 977, 977
3, 8, 2, 832, 832
2, 5, 5, 552, 552
8, 2, 4, 428, 428
3, 6, 4, 463, 463
4, 3, 9, 349, 349
6, 5, 9, 956, 956
6, 1, 5, 165, 165
1, 1, 6, 161, 161
5, 2, 6, 625, 625
3, 3, 5, 353, 353
8, 5, 4, 458, 458
7, 5, 8, 785, 785
8, 2, 3, 832, 832
9, 2, 9, 299, 299
9, 2, 7, 792, 792
7, 3, 4, 374, 374
6, 1, 4, 416, 416
6, 2, 7, 726, 726
4, 2, 4, 244, 244
5, 2, 2, 252, 252
6, 8, 5, 586, 586
9, 8, 6, 896, 896
6, 6, 7, 766, 766
1, 6, 1, 611, 611
8, 6, 9, 968, 968
5, 3, 2, 325, 325
9, 3, 1, 193, 193
1, 3, 1, 311, 311
5, 8, 7, 578, 578
3, 6, 8, 638, 638
3, 2, 7, 723, 723
1, 3, 8, 813, 813
5, 7, 7, 775, 775
2, 7, 9, 297, 297
2, 6, 3, 632, 632
3, 3, 1, 313, 313
5, 9, 4, 954, 954
9, 4, 5, 954, 954
5, 2, 7, 257, 257
6, 3, 6, 663, 663
6, 1, 9, 169, 169
2, 8, 3, 832, 832
6, 6, 8, 686, 686
1, 4, 2, 124, 124
8, 5, 8, 885, 885
8, 1, 3, 381, 381
9, 5, 8, 589, 589
9, 2, 3, 329, 329
7, 1, 3, 173, 173
8, 6, 3, 683, 683
8, 2, 3, 328, 328
7, 6, 9, 967, 967
2, 4, 7, 427, 427
6, 4, 4, 446, 446
5, 6, 6, 665, 665
7, 2, 9, 927, 927
1, 8, 5, 851, 851
2, 2, 6, 262, 262
9, 3, 6, 693, 693
5, 6, 3, 635, 635
1, 5, 1, 511, 511
2, 5, 5, 525, 525
7, 4, 2, 247, 247
4, 9, 1, 941, 941
7, 3, 9, 793, 793
4, 3, 2, 234, 234
1, 3, 4, 341, 341
7, 4, 3, 437, 437
4, 2, 8, 248, 248
2, 7, 6, 762, 762
8, 9, 2, 829, 829
8, 9, 5, 985, 985
5, 4, 2, 452, 452
5, 2, 6, 256, 256
6, 4, 5, 456, 456
5, 8, 3, 385, 385
8, 3, 5, 853, 853
8, 1, 9, 189, 189
2, 4, 7, 742, 742
1, 4, 5, 514, 514
5, 2, 7, 275, 275
6, 6, 3, 366, 366
3, 3, 2, 323, 323
2, 6, 1, 612, 612
3, 4, 8, 384, 384
6, 4, 4, 446, 446
5, 4, 1, 451, 451
3, 5, 6, 635, 635
8, 7, 5, 857, 857
4, 5, 9, 954, 954
9, 2, 3, 293, 293
5, 2, 3, 352, 352
6, 6, 1, 166, 166
9, 4, 2, 249, 249
8, 1, 2, 218, 218
5, 8, 8, 858, 858
8, 5, 6, 685, 685
6, 7, 6, 667, 667
9, 9, 2, 299, 299
9, 4, 7, 974, 974
5, 5, 3, 355, 355
3, 7, 9, 937, 937
1, 1, 6, 161, 161
2, 6, 6, 662, 662
8, 3, 4, 348, 348
2, 8, 2, 822, 822
1, 3, 5, 513, 513
2, 7, 2, 722, 722
8, 9, 8, 988, 988
5, 4, 2, 425, 425
8, 9, 5, 985, 985
9, 7, 3, 937, 937
3, 2, 5, 352, 352
1, 4, 5, 415, 415
8, 2, 1, 128, 128
6, 2, 2, 262, 262
7, 5, 1, 175, 175
9, 7, 8, 879, 879
7, 7, 3, 377, 377
8, 1, 8, 188, 188
2, 3, 6, 326, 326
4, 4, 2, 244, 244
4, 4, 2, 424, 424
5, 3, 4, 345, 345
6, 8, 8, 868, 868
3, 3, 1, 133, 133
1, 8, 9, 198, 198
6, 5, 1, 561, 561
5, 2, 4, 425, 425
9, 4, 3, 493, 493
6, 5, 1, 156, 156
9, 9, 4, 499, 499
8, 6, 5, 658, 658
6, 1, 5, 156, 156
7, 7, 2, 727, 727
9, 7, 7, 779, 779
9, 5, 2, 529, 529
8, 9, 7, 987, 987
9, 9, 5, 959, 959
1, 8, 9, 891, 891
7, 9, 5, 975, 975
4, 4, 1, 144, 144
1, 9, 1, 119, 119
6, 7, 1, 167, 167
5, 8, 8, 885, 885
1, 1, 2, 121, 121
3, 2, 7, 732, 732
2, 3, 8, 382, 382
6, 5, 1, 561, 561
1, 8, 5, 815, 815
9, 5, 6, 695, 695
3, 3, 4, 343, 343
7, 3, 4, 743, 743
9, 7, 6, 796, 796
2, 4, 5, 524, 524
6, 6, 8, 866, 866
7, 3, 5, 375, 375
7, 3, 8, 837, 837
5, 9, 8, 859, 859
1, 5, 2, 125, 125
9, 1, 5, 195, 195
5, 5, 7, 755, 755
7, 5, 7, 577, 577
8, 5, 4, 845, 845
9, 4, 5, 549, 549
2, 4, 8, 284, 284
7, 3, 8, 378, 378
9, 4, 7, 497, 497
3, 1, 3, 133, 133
6, 8, 3, 638, 638
5, 2, 1, 215, 215
6, 3, 3, 336, 336
9, 8, 6, 698, 698
6, 2, 5, 526, 526
2, 7, 8, 728, 728
2, 9, 1, 219, 219
4, 9, 4, 944, 944
1, 7, 2, 271, 271
6, 9, 7, 679, 679
7, 4, 5, 574, 574
8, 8, 2, 288, 288
9, 1, 4, 194, 194
1, 6, 5, 156, 156
1, 7, 2, 271, 271
1, 7, 8, 781, 781
7, 5, 2, 527, 527
1, 6, 4, 641, 641
1, 7, 2, 721, 721
9, 6, 7, 679, 679
1, 8, 5, 851, 851
8, 4, 1, 814, 814
5, 4, 2, 425, 425
5, 4, 7, 574, 574
9, 4, 1, 491, 491
5, 8, 3, 835, 835
5, 7, 1, 517, 517
6, 2, 8, 862, 862
8, 5, 6, 586, 586
2, 1, 3, 231, 231
4, 1, 1, 114, 114
4, 3, 3, 343, 343
9, 9, 5, 599, 599
6, 1, 5, 165, 165
3, 1, 1, 131, 131
2, 8, 5, 825, 825
1, 6, 2, 621, 621
5, 3, 3, 353, 353
7, 9, 3, 397, 397
8, 6, 1, 681, 681
4, 2, 6, 462, 462
9, 9, 6, 969, 969
1, 8, 2, 821, 821
3, 8, 7, 378, 378
2, 9, 2, 229, 229
8, 4, 7, 478, 478
2, 9, 6, 692, 692
5, 1, 4, 415, 415
3, 3, 4, 343, 343
6, 5, 5, 556, 556
9, 7, 1, 197, 197
3, 8, 9, 983, 983
7, 8, 8, 887, 887
6, 7, 5, 765, 765
5, 2, 6, 652, 652
6, 6, 4, 646, 646
1, 4, 9, 491, 491
4, 1, 7, 174, 174
5, 3, 5, 355, 355
8, 5, 2, 285, 285
1, 7, 4, 417, 417
5, 9, 4, 945, 945
4, 6, 7, 764, 764
2, 4, 9, 942, 942
1, 8, 8, 818, 818
2, 8, 1, 812, 812
2, 3, 5, 325, 325
4, 7, 6, 467, 467
2, 4, 5, 254, 254
4, 2, 8, 482, 482
3, 4, 4, 434, 434
4, 9, 4, 944, 944
2, 4, 7, 427, 427
3, 2, 8, 823, 823
2, 4, 9, 924, 924
2, 3, 6, 623, 623
4, 7, 3, 437, 437
1, 3, 4, 341, 341
4, 8, 5, 458, 458
2, 7, 4, 724, 724
6, 8, 4, 486, 486
5, 8, 2, 852, 852
2, 5, 4, 245, 245
4, 6, 7, 764, 764
2, 5, 9, 925, 925
2, 8, 9, 892, 892
7, 5, 4, 574, 574
5, 6, 6, 665, 665
5, 9, 9, 995, 995
4, 7, 1, 174, 174
7, 9, 6, 967, 967
7, 7, 9, 797, 797
5, 1, 5, 551, 551
6, 2, 5, 256, 256
9, 5, 1, 915, 915
7, 3, 2, 273, 273
4, 1, 9, 149, 149
9, 2, 8, 829, 829
3, 7, 9, 397, 397
8, 8, 5, 858, 858
3, 5, 8, 835, 835
7, 9, 2, 927, 927
3, 4, 4, 434, 434
3, 1, 1, 113, 113
4, 6, 4, 644, 644
8, 1, 7, 187, 187
3, 2, 9, 293, 293
3, 7, 8, 738, 738
6, 4, 4, 446, 446
4, 5, 1, 145, 145
5, 7, 5, 755, 755
5, 6, 4, 546, 546
6, 9, 3, 936, 936
9, 2, 5, 952, 952
7, 3, 1, 173, 173
4, 3, 6, 346, 346
5, 7, 3, 735, 735
1, 6, 8, 861, 861
1, 2, 8, 182, 182
1, 7, 4, 714, 714
8, 6, 9, 689, 689
5, 3, 1, 351, 351
2, 3, 3, 323, 323
2, 9, 1, 912, 912
4, 5, 7, 745, 745
7, 3, 4, 437, 437
3, 4, 2, 324, 324
2, 7, 5, 725, 725
8, 9, 8, 988, 988
3, 4, 8, 843, 843
2, 3, 4, 243, 243
5, 8, 8, 858, 858
4, 8, 1, 148, 148
9, 8, 2, 829, 829
1, 8, 5, 815, 815
6, 4, 6, 664, 664
1, 8, 1, 811, 811
1, 5, 3, 531, 531
3, 1, 4, 143, 143
3, 7, 3, 733, 733
3, 2, 7, 732, 732
8, 2, 3, 832, 832
1, 8, 6, 816, 816
5, 3, 4, 435, 435
3, 1, 3, 133, 133
1, 2, 4, 412, 412
2, 4, 7, 427, 427
7, 7, 1, 177, 177
3, 1, 2, 132, 132
9, 3, 9, 399, 399
4, 3, 6, 643, 643
6, 7, 4, 647, 647
9, 5, 6, 695, 695
7, 6, 2, 627, 627
2, 3, 7, 732, 732
5, 5, 2, 525, 525
5, 4, 1, 415, 415
4, 1, 1, 114, 114
7, 6, 8, 867, 867
5, 3, 5, 355, 355
4, 2, 8, 842, 842
1, 3, 3, 313, 313
2, 2, 3, 322, 322
6, 9, 2, 962, 962
1, 7, 4, 714, 714
5, 4, 2, 524, 524
8, 2, 1, 218, 218
2, 3, 7, 327, 327
7, 2, 7, 772, 772
7, 8, 9, 978, 978
5, 1, 8, 581, 581
2, 9, 4, 492, 492
6, 6, 2, 266, 266
8, 6, 9, 986, 986
3, 6, 8, 386, 386
8, 1, 9, 918, 918
9, 5, 6, 965, 965
9, 3, 8, 389, 389
1, 8, 1, 811, 811
4, 2, 3, 243, 243
7, 3, 2, 237, 237
5, 7, 8, 857, 857
1, 4, 9, 194, 194
6, 4, 6, 664, 664
1, 3, 7, 371, 371
6, 5, 8, 685, 685
1, 4, 3, 134, 134
8, 5, 1, 158, 158
6, 9, 1, 916, 916
5, 3, 8, 835, 835
1, 2, 9, 921, 921
3, 5, 6, 635, 635
8, 8, 1, 818, 818
8, 3, 9, 983, 983
6, 6, 2, 266, 266
9, 5, 8, 598, 598
4, 2, 5, 524, 524
1, 4, 2, 412, 412
7, 2, 4, 742, 742
8, 3, 6, 386, 386
4, 9, 7, 479, 479
7, 4, 9, 497, 497
9, 7, 6, 697, 697
7, 4, 2, 724, 724
5, 7, 8, 875, 875
1, 9, 3, 319, 319
9, 5, 1, 195, 195
2, 4, 7, 742, 742
1, 8, 2, 281, 281
3, 6, 2, 632, 632
8, 8, 4, 488, 488
3, 7, 3, 733, 733
6, 1, 7, 716, 716
4, 5, 7, 754, 754
3, 9, 6, 936, 936
5, 4, 9, 954, 954
8, 3, 9, 893, 893
8, 8, 2, 288, 288
5, 8, 6, 568, 568
1, 9, 6, 961, 961
3, 9, 4, 439, 439
8, 6, 7, 687, 687
8, 9, 1, 918, 918
8, 6, 2, 628, 628
8, 2, 6, 268, 268
8, 3, 2, 823, 823
5, 4, 7, 475, 475
1, 2, 9, 921, 921
9, 7, 5, 597, 597
2, 5, 7, 275, 275
3, 3, 5, 353, 353
5, 5, 7, 755, 755
3, 7, 8, 738, 738
8, 3, 7, 378, 378
3, 9, 3, 933, 933
9, 5, 3, 359, 359
2, 9, 3, 392, 392
7, 9, 7, 977, 977
1, 7, 4, 147, 147
2, 1, 5, 521, 521
4, 5, 2, 245, 245
9, 4, 2, 492, 492
2, 9, 9, 992, 992
1, 5, 9, 195, 195
2, 5, 9, 925, 925
2, 6, 7, 762, 762
8, 4, 4, 448, 448
7, 9, 1, 197, 197
2, 4, 1, 412, 412
2, 1, 6, 126, 126
8, 1, 9, 981, 981
8, 9, 6, 689, 689
2, 5, 7, 725, 725
6, 3, 6, 663, 663
6, 7, 6, 766, 766
7, 9, 8, 789, 789
3, 8, 9, 398, 398
7, 1, 8, 781, 781
7, 6, 4, 476, 476
7, 1, 4, 417, 417
4, 2, 6, 246, 246
9, 8, 9, 998, 998
9, 7, 2, 729, 729
3, 9, 3, 339, 339
4, 4, 8, 484, 484
8, 2, 5, 582, 582
7, 9, 7, 779, 779
3, 1, 3, 331, 331
4, 5, 1, 145, 145
2, 8, 2, 228, 228
7, 5, 1, 175, 175
7, 1, 4, 174, 174
7, 7, 3, 377, 377
7, 3, 1, 137, 137
6, 8, 1, 168, 168
9, 4, 5, 495, 495
8, 5, 3, 538, 538
4, 9, 6, 946, 946
4, 7, 3, 743, 743
2, 3, 1, 132, 132
2, 9, 7, 729, 729
1, 4, 7, 714, 714
8, 1, 5, 185, 185
4, 1, 9, 149, 149
1, 5, 6, 651, 651
7, 2, 6, 762, 762
7, 9, 9, 979, 979
2, 8, 3, 832, 832
7, 2, 3, 732, 732
8, 3, 4, 843, 843
7, 5, 8, 785, 785
4, 7, 9, 974, 974
5, 9, 8, 859, 859
9, 7, 4, 497, 497
3, 6, 6, 663, 663
7, 8, 9, 897, 897
6, 7, 8, 876, 876
3, 1, 1, 131, 131
5, 9, 6, 695, 695
1, 7, 7, 717, 717
7, 1, 3, 731, 731
7, 5, 9, 579, 579
3, 4, 3, 334, 334
4, 8, 3, 348, 348
4, 7, 9, 974, 974
9, 3, 7, 739, 739
5, 2, 7, 752, 752
8, 6, 4, 684, 684
7, 6, 8, 678, 678
2, 9, 8, 982, 982
5, 9, 9, 995, 995
8, 4, 4, 448, 448
5, 6, 1, 156, 156
8, 5, 2, 582, 582
4, 3, 8, 843, 843
8, 5, 1, 815, 815
9, 7, 2, 297, 297
3, 1, 2, 132, 132
4, 6, 1, 164, 164
8, 5, 6, 586, 586
6, 5, 9, 596, 596
4, 5, 4, 544, 544
6, 1, 5, 156, 156
2, 2, 4, 422, 422
4, 2, 6, 246, 246
5, 1, 8, 815, 815
4, 6, 1, 164, 164
7, 1, 7, 771, 771
3, 3, 6, 363, 363
8, 5, 3, 835, 835
5, 5, 6, 655, 655
8, 4, 5, 548, 548
8, 3, 2, 823, 823
8, 3, 7, 783, 783
5, 7, 6, 657, 657
4, 3, 9, 349, 349
6, 8, 6, 668, 668
4, 9, 7, 794, 794
3, 5, 7, 573, 573
5, 3, 2, 523, 523
2, 6, 6, 626, 626
5, 8, 5, 855, 855
7, 9, 6, 769, 769
6, 9, 5, 659, 659
1, 2, 3, 312, 312
1, 6, 2, 261, 261
6, 2, 9, 692, 692
5, 5, 8, 855, 855
9, 6, 1, 196, 196
5, 8, 6, 568, 568
5, 3, 3, 335, 335
7, 8, 9, 897, 897
5, 8, 9, 958, 958
7, 1, 7, 771, 771
6, 8, 4, 846, 846
3, 6, 2, 263, 263
2, 8, 1, 812, 812
2, 6, 9, 692, 692
8, 7, 8, 788, 788
2, 3, 7, 273, 273
3, 4, 1, 314, 314
9, 9, 4, 499, 499
8, 9, 2, 289, 289
4, 1, 6, 641, 641
6, 8, 3, 386, 386
2, 4, 4, 442, 442
3, 2, 1, 213, 213
8, 5, 5, 558, 558
4, 2, 5, 524, 524
7, 9, 5, 975, 975
7, 4, 6, 476, 476
4, 6, 1, 416, 416
9, 2, 8, 289, 289
8, 7, 5, 587, 587
1, 2, 6, 162, 162
5, 3, 6, 365, 365
3, 6, 2, 326, 326
4, 7, 2, 427, 427
8, 5, 6, 865, 865
5, 5, 4, 545, 545
4, 2, 5, 245, 245
6, 6, 1, 166, 166
4, 1, 4, 441, 441
8, 3, 1, 138, 138
1, 2, 6, 261, 261
5, 1, 9, 591, 591
6, 2, 2, 226, 226
7, 4, 9, 974, 974
6, 7, 8, 687, 687
4, 2, 2, 242, 242
6, 5, 7, 756, 756
1, 7, 3, 731, 731
7, 2, 1, 217, 217
5, 9, 6, 695, 695
6, 1, 9, 196, 196
8, 1, 8, 188, 188
5, 1, 1, 115, 115
9, 7, 5, 957, 957
1, 8, 8, 818, 818
2, 3, 8, 832, 832
1, 6, 2, 216, 216
5, 7, 6, 756, 756
1, 6, 5, 651, 651
2, 7, 9, 972, 972
2, 6, 5, 256, 256
1, 4, 6, 416, 416
3, 7, 7, 737, 737
9, 3, 1, 391, 391
1, 4, 3, 134, 134
8, 8, 7, 788, 788
3, 7, 7, 737, 737
8, 6, 3, 683, 683
6, 1, 9, 169, 169
8, 4, 2, 428, 428
2, 1, 9, 921, 921
4, 7, 5, 457, 457
8, 6, 5, 658, 658
2, 7, 4, 247, 247
2, 8, 6, 862, 862
4, 5, 1, 514, 514
7, 4, 1, 417, 417
1, 8, 8, 881, 881
2, 9, 3, 932, 932
5, 9, 5, 559, 559
5, 4, 9, 495, 495
3, 7, 5, 357, 357
2, 3, 2, 322, 322
8, 2, 5, 528, 528
8, 7, 4, 748, 748
2, 8, 9, 928, 928
6, 8, 7, 867, 867
3, 6, 2, 263, 263
7, 1, 2, 127, 127
8, 6, 8, 688, 688
1, 7, 3, 317, 317
3, 8, 7, 738, 738
1, 4, 7, 417, 417
9, 5, 3, 935, 935
5, 3, 8, 583, 583
3, 8, 3, 338, 338
7, 3, 2, 237, 237
8, 4, 1, 418, 418
2, 2, 1, 122, 122
8, 2, 7, 287, 287
9, 2, 7, 972, 972
4, 2, 5, 245, 245
4, 9, 1, 419, 419
4, 9, 8, 849, 849
2, 1, 6, 612, 612
3, 9, 5, 539, 539
6, 2, 4, 426, 426
6, 4, 2, 624, 624
2, 4, 4, 424, 424
3, 1, 3, 133, 133
5, 1, 7, 751, 751
8, 6, 9, 896, 896
2, 6, 1, 621, 621
1, 2, 2, 212, 212
6, 7, 3, 376, 376
5, 1, 6, 156, 156
5, 5, 8, 855, 855
8, 1, 1, 118, 118
8, 5, 3, 583, 583
4, 5, 5, 554, 554
2, 8, 1, 182, 182
5, 9, 3, 395, 395
3, 8, 7, 873, 873
2, 1, 3, 123, 123
2, 2, 8, 822, 822
7, 2, 8, 287, 287
5, 6, 9, 965, 965
8, 7, 7, 778, 778
9, 1, 2, 129, 129
7, 5, 9, 975, 975
9, 7, 2, 279, 279
5, 3, 4, 345, 345
8, 8, 6, 688, 688
9, 6, 9, 699, 699
7, 2, 6, 276, 276
5, 5, 9, 955, 955
3, 2, 1, 213, 213
4, 5, 1, 541, 541
1, 5, 9, 915, 915
3, 9, 6, 963, 963
8, 6, 5, 685, 685
2, 9, 1, 219, 219
9, 4, 4, 449, 449
3, 5, 7, 735, 735
1, 5, 8, 185, 185
8, 9, 7, 879, 879
9, 3, 6, 369, 369
8, 3, 9, 983, 983
6, 9, 3, 963, 963
4, 2, 6, 642, 642
5, 5, 8, 585, 585
9, 3, 2, 239, 239
4, 9, 2, 924, 924
7, 5, 8, 578, 578
5, 7, 4, 754, 754
8, 9, 6, 869, 869
8, 4, 4, 448, 448
7, 2, 6, 267, 267
3, 6, 6, 636, 636
7, 7, 6, 767, 767
5, 8, 6, 568, 568
2, 4, 9, 924, 924
1, 4, 3, 431, 431
7, 3, 5, 357, 357
7, 5, 2, 725, 725
3, 5, 9, 935, 935
7, 5, 1, 517, 517
8, 4, 7, 784, 784
1, 7, 1, 711, 711
5, 7, 2, 257, 257
3, 5, 9, 395, 395
2, 4, 2, 224, 224
1, 6, 7, 716, 716
1, 6, 5, 615, 615
2, 7, 2, 722, 722
6, 5, 5, 565, 565
8, 9, 8, 988, 988
5, 2, 4, 254, 254
6, 4, 8, 486, 486
4, 9, 4, 944, 944
9, 1, 5, 159, 159
3, 4, 8, 834, 834
6, 6, 7, 676, 676
3, 7, 4, 743, 743
5, 1, 3, 153, 153
3, 7, 9, 973, 973
3, 6, 7, 763, 763
9, 3, 6, 693, 693
9, 3, 7, 739, 739
7, 1, 3, 173, 173
1, 1, 5, 151, 151
7, 1, 5, 517, 517
1, 9, 5, 951, 951
3, 8, 4, 348, 348
7, 3, 4, 347, 347
3, 9, 3, 933, 933
9, 4, 8, 894, 894
6, 6, 3, 366, 366
6, 3, 6, 663, 663
9, 5, 9, 599, 599
9, 8, 9, 899, 899
7, 1, 5, 517, 517
6, 4, 6, 664, 664
4, 2, 3, 432, 432
8, 2, 9, 298, 298
8, 9, 4, 498, 498
6, 7, 1, 761, 761
8, 6, 7, 768, 768
5, 7, 5, 557, 557
9, 9, 3, 939, 939
8, 7, 1, 817, 817
8, 3, 8, 388, 388
6, 7, 7, 776, 776
4, 8, 6, 684, 684
5, 7, 3, 753, 753
3, 1, 7, 371, 371
4, 2, 5, 542, 542
1, 7, 2, 721, 721
6, 6, 1, 166, 166
4, 2, 1, 142, 142
4, 5, 8, 485, 485
9, 5, 7, 759, 759
6, 4, 2, 246, 246
5, 2, 5, 255, 255
6, 3, 4, 463, 463
6, 3, 7, 376, 376
2, 6, 7, 672, 672
4, 4, 3, 434, 434
8, 7, 8, 788, 788
2, 7, 2, 227, 227
1, 2, 9, 912, 912
4, 8, 4, 844, 844
7, 4, 7, 774, 774
1, 1, 5, 151, 151
2, 5, 6, 625, 625
2, 4, 3, 432, 432
9, 9, 2, 929, 929
2, 1, 6, 261, 261
6, 5, 2, 625, 625
8, 6, 2, 682, 682
6, 9, 3, 639, 639
6, 8, 2, 862, 862
5, 7, 7, 775, 775
2, 3, 2, 322, 322
6, 8, 2, 826, 826
8, 8, 2, 288, 288
1, 7, 5, 715, 715
9, 1, 5, 195, 195
3, 8, 4, 483, 483
1, 5, 9, 915, 915
6, 7, 8, 786, 786
7, 1, 3, 731, 731
7, 8, 1, 718, 718
1, 6, 8, 816, 816
4, 3, 6, 346, 346
5, 7, 5, 755, 755
2, 9, 2, 922, 922
2, 7, 9, 972, 972
6, 7, 1, 617, 617
3, 8, 7, 738, 738
6, 4, 9, 469, 469
5, 5, 3, 355, 355
3, 8, 2, 238, 238
8, 2, 6, 286, 286
2, 7, 8, 827, 827
4, 7, 6, 467, 467
7, 3, 6, 673, 673
4, 3, 5, 345, 345
4, 5, 6, 654, 654
1, 3, 4, 341, 341
1, 2, 7, 172, 172
8, 3, 4, 348, 348
1, 6, 9, 691, 691
4, 9, 7, 479, 479
2, 4, 5, 542, 542
8, 7, 6, 687, 687
7, 6, 3, 376, 376
6, 1, 7, 167, 167
4, 9, 5, 549, 549
1, 4, 8, 418, 418
1, 7, 1, 711, 711
7, 5, 7, 577, 577
8, 2, 8, 882, 882
3, 6, 3, 633, 633
5, 4, 4, 454, 454
1, 6, 9, 691, 691
1, 7, 8, 817, 817
2, 4, 9, 429, 429
4, 4, 7, 744, 744
5, 4, 7, 475, 475
3, 4, 7, 374, 374
3, 6, 2, 623, 623
9, 8, 5, 958, 958
1, 3, 7, 713, 713
4, 3, 2, 234, 234
5, 6, 3, 356, 356
6, 8, 3, 638, 638
2, 7, 4, 427, 427
3, 5, 5, 535, 535
1, 2, 4, 142, 142
5, 7, 5, 755, 755
5, 5, 1, 155, 155
7, 3, 7, 377, 377
3, 4, 7, 473, 473
4, 5, 3, 435, 435
7, 9, 4, 497, 497
4, 9, 8, 984, 984
9, 8, 4, 489, 489
6, 5, 7, 756, 756
7, 8, 6, 678, 678
7, 5, 5, 575, 575
1, 1, 8, 181, 181
7, 1, 8, 871, 871
3, 3, 2, 233, 233
9, 2, 5, 295, 295
7, 5, 3, 375, 375
2, 3, 1, 321, 321
6, 9, 7, 796, 796
3, 2, 6, 632, 632
8, 1, 1, 118, 118
7, 1, 7, 771, 771
2, 6, 9, 962, 962
3, 6, 4, 634, 634
5, 1, 6, 561, 561
6, 1, 5, 165, 165
4, 2, 9, 249, 249
6, 4, 6, 466, 466
1, 7, 6, 617, 617
5, 8, 7, 758, 758
7, 2, 2, 227, 227
4, 9, 5, 945, 945
3, 1, 1, 113, 113
7, 3, 4, 743, 743
8, 1, 1, 181, 181
2, 7, 6, 627, 627
6, 5, 2, 256, 256
8, 3, 7, 738, 738
3, 6, 3, 336, 336
6, 4, 4, 464, 464
6, 4, 2, 426, 426
5, 7, 2, 752, 752
5, 8, 1, 851, 851
5, 5, 8, 855, 855
9, 5, 9, 599, 599
4, 1, 6, 614, 614
1, 3, 5, 315, 315
9, 7, 9, 799, 799
8, 8, 1, 188, 188
2, 9, 5, 952, 952
3, 9, 2, 329, 329
9, 3, 4, 349, 349
9, 1, 7, 719, 719
8, 3, 7, 783, 783
7, 1, 8, 178, 178
7, 4, 8, 487, 487
2, 4, 4, 442, 442
3, 9, 1, 319, 319
9, 4, 7, 974, 974
6, 9, 9, 996, 996
2, 8, 2, 822, 822
8, 3, 3, 338, 338
7, 5, 7, 577, 577
4, 2, 8, 824, 824
9, 6, 7, 796, 796
3, 9, 2, 923, 923
9, 4, 5, 594, 594
8, 9, 7, 987, 987
3, 1, 8, 381, 381
7, 6, 9, 679, 679
4, 1, 9, 149, 149
4, 8, 8, 848, 848
3, 3, 9, 933, 933
7, 9, 6, 697, 697
4, 8, 9, 894, 894
8, 3, 1, 381, 381
9, 2, 6, 692, 692
1, 2, 7, 712, 712
2, 8, 5, 852, 852
6, 6, 1, 166, 166
3, 6, 4, 634, 634
7, 2, 3, 732, 732
2, 2, 9, 292, 292
3, 7, 1, 317, 317
3, 2, 7, 723, 723
3, 6, 9, 693, 693
8, 5, 8, 588, 588
9, 9, 4, 949, 949
6, 1, 5, 156, 156
3, 1, 4, 143, 143
5, 1, 7, 715, 715
9, 4, 5, 594, 594
4, 9, 1, 149, 149
3, 9, 7, 793, 793
6, 3, 7, 763, 763
8, 7, 6, 768, 768
2, 4, 5, 542, 542
1, 8, 3, 831, 831
5, 4, 6, 645, 645
6, 8, 8, 886, 886
1, 5, 6, 615, 615
8, 3, 2, 238, 238
2, 9, 6, 269, 269
5, 9, 1, 915, 915
2, 1, 1, 121, 121
8, 8, 9, 898, 898
2, 7, 9, 972, 972
8, 1, 7, 871, 871
8, 6, 4, 846, 846
9, 9, 7, 979, 979
9, 1, 4, 491, 491
5, 1, 9, 195, 195
8, 6, 9, 986, 986
4, 9, 3, 349, 349
6, 7, 3, 637, 637
1, 4, 2, 421, 421
8, 7, 5, 587, 587
2, 8, 6, 826, 826
9, 9, 7, 799, 799
1, 2, 8, 182, 182
8, 7, 4, 784, 784
7, 5, 1, 175, 175
3, 7, 9, 397, 397
1, 6, 3, 316, 316
4, 7, 5, 574, 574
5, 4, 2, 452, 452
1, 6, 4, 461, 461
7, 7, 8, 787, 787
7, 7, 1, 177, 177
5, 8, 7, 875, 875
9, 6, 3, 693, 693
7, 1, 9, 179, 179
3, 5, 6, 536, 536
9, 7, 8, 798, 798
7, 4, 6, 476, 476
3, 2, 8, 238, 238
5, 8, 9, 859, 859
1, 2, 4, 142, 142
3, 8, 9, 839, 839
8, 9, 9, 989, 989
5, 4, 5, 554, 554
4, 8, 2, 284, 284
1, 8, 9, 198, 198
9, 4, 5, 549, 549
6, 8, 8, 868, 868
5, 3, 9, 593, 593
5, 9, 2, 925, 925
3, 5, 7, 753, 753
4, 7, 2, 274, 274
1, 3, 2, 312, 312
2, 7, 4, 427, 427
1, 2, 8, 218, 218
9, 7, 5, 795, 795
8, 3, 1, 381, 381
4, 3, 2, 234, 234
6, 5, 9, 695, 695
1, 6, 8, 681, 681
2, 2, 5, 522, 522
5, 8, 9, 895, 895
9, 8, 3, 938, 938
4, 5, 6, 564, 564
3, 6, 3, 633, 633
2, 9, 6, 629, 629
9, 5, 7, 795, 795
4, 2, 9, 492, 492
5, 9, 2, 259, 259
3, 2, 8, 283, 283
1, 6, 4, 461, 461
3, 6, 6, 636, 636
5, 6, 4, 645, 645
2, 6, 4, 642, 642
1, 9, 8, 981, 981
5, 3, 7, 375, 375
7, 5, 8, 785, 785
3, 3, 5, 353, 353
8, 2, 7, 872, 872
9, 4, 3, 439, 439
1, 1, 4, 141, 141
5, 7, 8, 875, 875
3, 9, 7, 739, 739
5, 1, 8, 158, 158
4, 9, 6, 469, 469
4, 7, 3, 743, 743
3, 7, 8, 738, 738
5, 9, 5, 955, 955
6, 8, 4, 648, 648
5, 2, 9, 295, 295
8, 7, 9, 978, 978
8, 9, 8, 988, 988
5, 8, 7, 875, 875
6, 8, 1, 861, 861
2, 2, 6, 262, 262
3, 4, 8, 438, 438
5, 4, 6, 564, 564
3, 7, 3, 337, 337
7, 2, 6, 276, 276
3, 6, 9, 936, 936
2, 1, 9, 192, 192
5, 7, 6, 675, 675
1, 5, 3, 135, 135
6, 7, 2, 762, 762
3, 2, 5, 253, 253
5, 1, 9, 195, 195
8, 2, 7, 782, 782
9, 7, 6, 697, 697
2, 1, 1, 121, 121
5, 4, 4, 445, 445
6, 9, 8, 968, 968
8, 9, 4, 498, 498
1, 9, 7, 917, 917
3, 6, 7, 763, 763
5, 3, 2, 325, 325
8, 9, 2, 829, 829
9, 1, 6, 196, 196
9, 6, 3, 936, 936
4, 9, 8, 849, 849
8, 4, 7, 784, 784
8, 2, 2, 228, 228
3, 1, 5, 351, 351
8, 9, 2, 982, 982
3, 2, 3, 332, 332
6, 8, 9, 986, 986
5, 6, 8, 586, 586
1, 2, 6, 162, 162
2, 6, 8, 682, 682
3, 9, 7, 973, 973
6, 5, 5, 565, 565
7, 1, 6, 671, 671
4, 4, 1, 414, 414
4, 6, 3, 634, 634
7, 2, 3, 327, 327
3, 7, 5, 357, 357
6, 5, 1, 561, 561
4, 6, 1, 164, 164
2, 5, 6, 526, 526
3, 6, 6, 663, 663
9, 7, 2, 927, 927
2, 7, 6, 672, 672
7, 9, 7, 779, 779
4, 1, 7, 741, 741
2, 3, 6, 362, 362
6, 1, 7, 167, 167
3, 3, 4, 433, 433
4, 2, 3, 234, 234
2, 3, 8, 382, 382
6, 4, 9, 469, 469
5, 7, 3, 735, 735
5, 2, 3, 325, 325
3, 6, 2, 263, 263
5, 4, 5, 455, 455
1, 9, 7, 791, 791
1, 9, 6, 916, 916
1, 4, 9, 491, 491
3, 1, 3, 133, 133
8, 1, 2, 281, 281
4, 6, 9, 649, 649
5, 9, 8, 589, 589
1, 3, 8, 381, 381
2, 6, 6, 662, 662
2, 4, 2, 422, 422
6, 9, 7, 679, 679
3, 1, 1, 113, 113
5, 8, 3, 853, 853
2, 6, 5, 652, 652
5, 4, 3, 534, 534
7, 4, 5, 475, 475
9, 9, 2, 299, 299
8, 8, 1, 818, 818
6, 4, 6, 466, 466
6, 5, 2, 625, 625
2, 8, 4, 824, 824
7, 8, 1, 178, 178
6, 3, 3, 363, 363
1, 2, 1, 112, 112
7, 5, 9, 795, 795
2, 4, 8, 842, 842
9, 1, 6, 196, 196
1, 2, 6, 162, 162
9, 1, 3, 391, 391
5, 2, 1, 215, 215
8, 1, 5, 158, 158
6, 5, 3, 563, 563
4, 1, 5, 514, 514
1, 2, 4, 142, 142
3, 8, 4, 834, 834
5, 3, 9, 953, 953
5, 2, 8, 285, 285
9, 4, 6, 496, 496
2, 6, 1, 162, 162
4, 5, 9, 945, 945
4, 2, 5, 452, 452
5, 8, 1, 851, 851
3, 8, 7, 783, 783
2, 6, 2, 622, 622
3, 4, 5, 435, 435
9, 3, 8, 839, 839
1, 6, 1, 611, 611
3, 1, 2, 321, 321
8, 1, 4, 418, 418
8, 1, 9, 981, 981
4, 6, 1, 416, 416
4, 6, 2, 264, 264
9, 5, 2, 592, 592
9, 4, 5, 954, 954
6, 4, 6, 466, 466
7, 6, 5, 576, 576
1, 2, 8, 812, 812
8, 3, 4, 843, 843
9, 2, 1, 912, 912
6, 9, 7, 976, 976
8, 3, 1, 183, 183
6, 3, 6, 663, 663
8, 2, 4, 842, 842
4, 9, 6, 964, 964
6, 1, 9, 169, 169
3, 1, 7, 713, 713
1, 8, 2, 821, 821
3, 8, 9, 893, 893
9, 2, 1, 291, 291
2, 6, 8, 682, 682
1, 8, 7, 781, 781
1, 4, 3, 134, 134
1, 5, 4, 415, 415
4, 9, 8, 948, 948
1, 3, 8, 813, 813
2, 6, 2, 622, 622
9, 9, 8, 899, 899
1, 9, 1, 119, 119
6, 2, 6, 266, 266
7, 8, 1, 178, 178
2, 7, 1, 721, 721
7, 7, 2, 277, 277
3, 1, 1, 113, 113
4, 1, 5, 154, 154
3, 9, 5, 935, 935
8, 6, 5, 586, 586
5, 9, 6, 965, 965
9, 3, 9, 399, 399
1, 7, 9, 197, 197
1, 3, 5, 315, 315
9, 7, 4, 794, 794
6, 7, 1, 167, 167
1, 2, 7, 271, 271
9, 9, 4, 949, 949
3, 1, 9, 139, 139
7, 3, 3, 337, 337
3, 6, 7, 763, 763
8, 9, 2, 982, 982
1, 4, 3, 341, 341
3, 6, 9, 396, 396
6, 6, 5, 656, 656
1, 6, 2, 612, 612
7, 9, 2, 729, 729
3, 7, 6, 673, 673
9, 9, 3, 399, 399
5, 1, 4, 154, 154
1, 9, 1, 119, 119
9, 7, 4, 947, 947
5, 6, 9, 965, 965
7, 4, 2, 724, 724
5, 3, 6, 356, 356
2, 8, 5, 825, 825
8, 7, 5, 785, 785
3, 9, 5, 935, 935
9, 7, 5, 579, 579
2, 4, 1, 124, 124
6, 1, 7, 176, 176
6, 8, 5, 658, 658
7, 7, 6, 767, 767
7, 8, 2, 827, 827
5, 1, 7, 715, 715
7, 5, 5, 575, 575
6, 6, 9, 966, 966
5, 9, 2, 529, 529
2, 7, 2, 722, 722
8, 2, 2, 228, 228
6, 5, 9, 965, 965
4, 3, 5, 534, 534
3, 8, 9, 839, 839
7, 4, 4, 447, 447
6, 2, 4, 426, 426
3, 4, 4, 443, 443
8, 3, 8, 883, 883
4, 2, 1, 412, 412
8, 4, 1, 184, 184
7, 5, 7, 775, 775
5, 5, 6, 655, 655
8, 4, 8, 488, 488
8, 4, 2, 284, 284
2, 6, 3, 236, 236
9, 7, 3, 937, 937
1, 2, 3, 231, 231
1, 8, 3, 318, 318
8, 3, 3, 383, 383
8, 9, 2, 982, 982
7, 5, 7, 775, 775
6, 9, 1, 916, 916
6, 4, 2, 264, 264
4, 8, 6, 648, 648
2, 8, 6, 826, 826
7, 1, 8, 781, 781
2, 5, 5, 525, 525
7, 3, 1, 371, 371
6, 5, 7, 765, 765
9, 2, 9, 992, 992
5, 3, 5, 553, 553
6, 6, 5, 566, 566
5, 3, 1, 351, 351
5, 1, 1, 115, 115
4, 3, 4, 344, 344
5, 7, 7, 775, 775
1, 8, 9, 918, 918
5, 8, 6, 658, 658
1, 5, 3, 531, 531
9, 1, 6, 169, 169
7, 8, 4, 847, 847
6, 2, 4, 426, 426
7, 2, 8, 827, 827
8, 2, 5, 258, 258
2, 9, 9, 992, 992
3, 7, 1, 137, 137
8, 5, 1, 518, 518
5, 4, 7, 754, 754
1, 8, 6, 681, 681
4, 7, 8, 847, 847
1, 6, 1, 611, 611
8, 9, 9, 989, 989
2, 1, 7, 721, 721
2, 3, 6, 623, 623
2, 3, 7, 723, 723
5, 3, 5, 553, 553
8, 8, 9, 988, 988
4, 6, 1, 416, 416
5, 6, 9, 965, 965
5, 3, 6, 563, 563
3, 1, 6, 136, 136
5, 4, 7, 754, 754
3, 2, 5, 352, 352
1, 6, 1, 116, 116
7, 2, 5, 572, 572
5, 4, 7, 745, 745
8, 1, 9, 189, 189
4, 6, 6, 646, 646
3, 9, 4, 943, 943
3, 4, 6, 634, 634
6, 7, 7, 767, 767
1, 3, 9, 193, 193
7, 7, 5, 577, 577
8, 9, 5, 598, 598
9, 1, 4, 419, 419
4, 9, 3, 934, 934
8, 3, 1, 138, 138
1, 7, 1, 117, 117
1, 1, 7, 711, 711
2, 9, 2, 922, 922
9, 3, 7, 793, 793
1, 6, 4, 416, 416
4, 6, 9, 694, 694
8, 5, 8, 885, 885
2, 6, 7, 627, 627
9, 1, 7, 719, 719
1, 8, 1, 118, 118
1, 7, 6, 167, 167
8, 2, 5, 852, 852
5, 1, 5, 551, 551
9, 7, 3, 397, 397
8, 6, 2, 286, 286
8, 7, 2, 287, 287
6, 6, 5, 656, 656
8, 4, 8, 488, 488
1, 4, 8, 814, 814
1, 5, 2, 125, 125
2, 2, 1, 212, 212
1, 9, 4, 491, 491
5, 3, 1, 513, 513
9, 1, 8, 891, 891
9, 4, 5, 954, 954
3, 8, 3, 833, 833
5, 3, 5, 355, 355
4, 9, 1, 419, 419
6, 6, 5, 566, 566
4, 5, 4, 445, 445
4, 9, 3, 439, 439
8, 6, 5, 586, 586
1, 4, 6, 164, 164
2, 8, 3, 382, 382
6, 8, 5, 658, 658
2, 9, 7, 729, 729
5, 1, 4, 451, 451
3, 9, 4, 493, 493
8, 3, 5, 538, 538
1, 2, 9, 219, 219
6, 8, 1, 861, 861
5, 3, 2, 352, 352
9, 1, 6, 961, 961
2, 6, 5, 652, 652
9, 1, 9, 991, 991
3, 3, 1, 313, 313
2, 4, 5, 425, 425
5, 4, 2, 425, 425
8, 2, 4, 428, 428
2, 9, 9, 929, 929
7, 3, 1, 371, 371
1, 8, 5, 851, 851
8, 1, 1, 118, 118
7, 8, 8, 887, 887
2, 9, 2, 229, 229
3, 2, 2, 232, 232
1, 2, 9, 912, 912
1, 6, 2, 216, 216
4, 3, 9, 934, 934
8, 2, 8, 288, 288
8, 7, 2, 782, 782
8, 2, 9, 298, 298
4, 5, 2, 425, 425
7, 7, 8, 877, 877
5, 8, 2, 528, 528
8, 5, 6, 568, 568
8, 1, 4, 481, 481
3, 7, 1, 173, 173
3, 5, 8, 538, 538
1, 1, 2, 211, 211
5, 9, 7, 759, 759
1, 7, 3, 371, 371
2, 8, 3, 328, 328
5, 1, 1, 115, 115
3, 1, 7, 137, 137
6, 3, 1, 613, 613
8, 4, 1, 814, 814
1, 6, 5, 156, 156
9, 5, 3, 539, 539
2, 4, 4, 424, 424
4, 3, 2, 342, 342
6, 3, 6, 663, 663
9, 7, 2, 297, 297
4, 9, 6, 649, 649
1, 4, 5, 451, 451
8, 5, 6, 568, 568
7, 1, 8, 178, 178
6, 5, 8, 685, 685
5, 4, 7, 475, 475
8, 2, 5, 528, 528
6, 5, 2, 625, 625
5, 2, 6, 652, 652
6, 3, 3, 336, 336
9, 1, 6, 961, 961
6, 9, 7, 976, 976
4, 9, 7, 794, 794
4, 5, 6, 546, 546
4, 9, 5, 945, 945
8, 1, 7, 187, 187
5, 9, 6, 695, 695
1, 4, 7, 741, 741
9, 2, 6, 296, 296
3, 9, 8, 893, 893
4, 3, 4, 443, 443
2, 3, 4, 423, 423
4, 5, 2, 542, 542
2, 1, 9, 912, 912
3, 7, 9, 739, 739
3, 9, 8, 893, 893
9, 7, 7, 797, 797
6, 7, 3, 367, 367
2, 5, 3, 532, 532
9, 1, 3, 319, 319
2, 5, 9, 592, 592
9, 2, 8, 829, 829
7, 7, 5, 577, 577
2, 8, 5, 852, 852
9, 5, 4, 594, 594
1, 7, 9, 917, 917
7, 2, 3, 237, 237
5, 4, 6, 456, 456
6, 5, 7, 576, 576
2, 7, 9, 972, 972
4, 1, 5, 451, 451
9, 4, 5, 594, 594
2, 3, 8, 283, 283
7, 4, 2, 274, 274
3, 8, 2, 238, 238
5, 9, 9, 959, 959
1, 2, 4, 142, 142
9, 5, 7, 759, 759
3, 7, 5, 753, 753
9, 6, 3, 693, 693
2, 5, 5, 525, 525
7, 2, 3, 237, 237
4, 6, 2, 426, 426
5, 8, 6, 568, 568
9, 1, 8, 891, 891
1, 3, 9, 913, 913
5, 7, 9, 975, 975
5, 1, 4, 451, 451
1, 3, 1, 113, 113
4, 4, 2, 424, 424
3, 2, 5, 352, 352
6, 4, 3, 436, 436
7, 8, 7, 778, 778
7, 9, 3, 937, 937
8, 7, 1, 781, 781
7, 5, 5, 575, 575
5, 1, 4, 415, 415
6, 1, 1, 161, 161
6, 9, 1, 916, 916
5, 3, 7, 375, 375
9, 2, 6, 296, 296
2, 3, 1, 321, 321
9, 2, 1, 192, 192
5, 7, 5, 755, 755
6, 9, 8, 896, 896
8, 9, 4, 984, 984
2, 9, 3, 923, 923
8, 6, 2, 628, 628
9, 2, 4, 942, 942
8, 8, 2, 288, 288
3, 5, 2, 325, 325
6, 9, 4, 469, 469
8, 5, 7, 875, 875
8, 9, 3, 398, 398
9, 9, 2, 299, 299
2, 8, 9, 829, 829
8, 6, 9, 896, 896
8, 3, 6, 386, 386
7, 1, 4, 174, 174
6, 3, 4, 346, 346
7, 6, 3, 673, 673
4, 6, 8, 846, 846
6, 7, 1, 167, 167
5, 1, 9, 195, 195
7, 3, 1, 371, 371
9, 8, 2, 829, 829
2, 3, 9, 923, 923
2, 5, 2, 522, 522
9, 2, 9, 299, 299
3, 8, 2, 832, 832
8, 6, 7, 687, 687
9, 7, 4, 749, 749
1, 6, 9, 196, 196
4, 9, 1, 149, 149
6, 8, 6, 866, 866
6, 4, 4, 464, 464
3, 4, 5, 453, 453
8, 6, 2, 268, 268
7, 3, 4, 473, 473
9, 4, 8, 894, 894
5, 8, 1, 851, 851
6, 2, 9, 269, 269
3, 5, 8, 853, 853
8, 2, 2, 282, 282
1, 5, 5, 515, 515
1, 6, 8, 861, 861
5, 4, 1, 145, 145
4, 7, 6, 647, 647
3, 5, 4, 345, 345
2, 9, 3, 392, 392
5, 3, 2, 253, 253
2, 3, 9, 392, 392
8, 1, 5, 851, 851
1, 3, 7, 173, 173
5, 7, 9, 795, 795
1, 6, 9, 691, 691
7, 6, 8, 678, 678
8, 9, 2, 829, 829
5, 3, 5, 553, 553
6, 9, 8, 896, 896
4, 4, 2, 424, 424
3, 6, 7, 637, 637
6, 6, 7, 676, 676
5, 5, 7, 575, 575
5, 8, 5, 558, 558
6, 9, 1, 916, 916
6, 4, 1, 164, 164
2, 9, 2, 229, 229
5, 8, 6, 856, 856
1, 2, 5, 521, 521
2, 4, 5, 254, 254
9, 9, 5, 959, 959
9, 4, 7, 749, 749
3, 7, 9, 397, 397
1, 3, 3, 331, 331
9, 8, 5, 859, 859
8, 2, 1, 128, 128
1, 6, 1, 611, 611
5, 1, 8, 815, 815
6, 7, 5, 765, 765
6, 2, 4, 246, 246
4, 9, 2, 942, 942
8, 1, 2, 218, 218
4, 8, 5, 458, 458
9, 4, 5, 549, 549
8, 2, 5, 285, 285
6, 7, 6, 667, 667
4, 3, 3, 343, 343
7, 5, 1, 517, 517
5, 9, 7, 975, 975
3, 2, 7, 723, 723
7, 3, 8, 378, 378
7, 6, 9, 976, 976
5, 6, 7, 765, 765
5, 5, 1, 155, 155
5, 1, 3, 135, 135
7, 1, 6, 761, 761
6, 5, 5, 565, 565
3, 2, 4, 342, 342
5, 8, 3, 835, 835
8, 5, 5, 558, 558
6, 9, 9, 969, 969
6, 2, 7, 762, 762
2, 9, 7, 729, 729
8, 3, 2, 382, 382
3, 6, 2, 632, 632
4, 2, 6, 264, 264
4, 7, 5, 574, 574
2, 5, 3, 352, 352
3, 2, 6, 362, 362
5, 8, 6, 865, 865
7, 5, 1, 517, 517
2, 5, 7, 572, 572
6, 6, 2, 266, 266
4, 9, 5, 459, 459
3, 6, 8, 638, 638
4, 6, 8, 486, 486
3, 8, 7, 378, 378
5, 8, 9, 895, 895
2, 8, 7, 278, 278
7, 8, 1, 871, 871
2, 1, 6, 261, 261
6, 8, 2, 286, 286
2, 3, 9, 329, 329
3, 6, 1, 613, 613
1, 9, 6, 619, 619
8, 2, 4, 428, 428
2, 4, 6, 426, 426
5, 9, 7, 579, 579
3, 2, 3, 233, 233
6, 7, 1, 716, 716
2, 5, 4, 542, 542
4, 9, 7, 749, 749
1, 6, 1, 611, 611
7, 9, 2, 972, 972
6, 4, 8, 468, 468
7, 6, 6, 667, 667
9, 1, 3, 391, 391
9, 8, 2, 829, 829
2, 4, 2, 224, 224
4, 1, 5, 541, 541
8, 3, 1, 183, 183
7, 9, 3, 973, 973
8, 3, 1, 381, 381
7, 8, 4, 478, 478
4, 2, 3, 243, 243
2, 8, 4, 428, 428
8, 5, 3, 385, 385
9, 1, 9, 991, 991
1, 4, 7, 714, 714
2, 8, 9, 829, 829
2, 7, 9, 972, 972
8, 5, 2, 285, 285
7, 5, 9, 597, 597
6, 5, 1, 156, 156
6, 7, 5, 576, 576
9, 9, 7, 799, 799
4, 6, 8, 486, 486
5, 5, 1, 155, 155
5, 7, 6, 675, 675
1, 8, 9, 198, 198
5, 1, 3, 531, 531
6, 3, 7, 736, 736
6, 7, 3, 637, 637
4, 4, 7, 474, 474
3, 7, 2, 237, 237
4, 6, 9, 694, 694
7, 4, 3, 734, 734
5, 8, 3, 835, 835
5, 6, 3, 653, 653
3, 7, 6, 763, 763
6, 4, 5, 465, 465
1, 1, 9, 191, 191
3, 1, 8, 813, 813
8, 1, 2, 821, 821
9, 5, 3, 359, 359
2, 4, 9, 942, 942
6, 9, 2, 926, 926
8, 5, 2, 825, 825
2, 1, 7, 127, 127
4, 6, 4, 446, 446
2, 4, 9, 492, 492
8, 6, 3, 386, 386
9, 8, 3, 398, 398
6, 4, 2, 426, 426
6, 9, 8, 968, 968
3, 9, 9, 993, 993
3, 2, 3, 233, 233
8, 9, 1, 819, 819
8, 8, 7, 878, 878
4, 8, 8, 848, 848
3, 5, 2, 325, 325
2, 3, 9, 329, 329
9, 8, 4, 489, 489
5, 9, 1, 519, 519
7, 4, 3, 473, 473
9, 4, 1, 194, 194
1, 7, 4, 147, 147
4, 9, 1, 941, 941
6, 5, 1, 561, 561
4, 9, 7, 749, 749
3, 5, 8, 583, 583
7, 8, 5, 758, 758
9, 1, 1, 191, 191
9, 1, 8, 891, 891
2, 7, 2, 722, 722
1, 1, 5, 151, 151
5, 2, 9, 925, 925
7, 5, 5, 575, 575
5, 4, 2, 524, 524
6, 1, 8, 168, 168
5, 2, 7, 572, 572
6, 4, 7, 764, 764
1, 1, 3, 311, 311
8, 5, 3, 358, 358
8, 2, 3, 328, 328
9, 3, 7, 973, 973
5, 6, 1, 165, 165
3, 7, 8, 387, 387
7, 2, 4, 742, 742
4, 3, 9, 943, 943
7, 2, 7, 277, 277
6, 5, 3, 365, 365
2, 2, 1, 212, 212
3, 2, 1, 132, 132
7, 5, 8, 857, 857
6, 1, 4, 461, 461
4, 5, 7, 475, 475
9, 5, 2, 529, 529
6, 3, 8, 863, 863
6, 1, 6, 166, 166
1, 1, 6, 161, 161
8, 5, 7, 785, 785
4, 2, 9, 294, 294
2, 5, 5, 552, 552
1, 8, 6, 861, 861
1, 3, 4, 314, 314
2, 9, 2, 922, 922
6, 2, 3, 632, 632
9, 4, 3, 349, 349
5, 8, 9, 598, 598
1, 1, 9, 191, 191
8, 2, 1, 218, 218
5, 3, 7, 735, 735
3, 3, 8, 383, 383
8, 2, 4, 842, 842
4, 1, 4, 144, 144
7, 7, 1, 177, 177
3, 9, 8, 893, 893
1, 9, 7, 719, 719
2, 5, 4, 524, 524
8, 6, 9, 698, 698
9, 8, 4, 894, 894
4, 1, 1, 141, 141
4, 2, 2, 224, 224
2, 6, 6, 626, 626
5, 7, 6, 675, 675
1, 4, 2, 214, 214
3, 2, 6, 632, 632
5, 4, 2, 524, 524
9, 7, 7, 797, 797
9, 8, 3, 893, 893
2, 6, 2, 622, 622
3, 5, 2, 325, 325
9, 1, 5, 519, 519
6, 5, 8, 865, 865
5, 5, 3, 535, 535
6, 9, 4, 469, 469
5, 6, 5, 655, 655
6, 5, 9, 695, 695
2, 9, 3, 392, 392
3, 9, 4, 349, 349
3, 2, 8, 382, 382
4, 7, 9, 947, 947
5, 3, 1, 351, 351
8, 6, 3, 368, 368
8, 3, 4, 438, 438
8, 8, 3, 388, 388
2, 1, 9, 912, 912
2, 6, 2, 226, 226
1, 6, 8, 618, 618
5, 7, 1, 175, 175
7, 7, 9, 977, 977
4, 8, 2, 284, 284
2, 4, 8, 284, 284
7, 4, 2, 274, 274
3, 7, 5, 537, 537
3, 2, 7, 237, 237
6, 2, 5, 265, 265
8, 3, 2, 328, 328
3, 5, 2, 235, 235
2, 1, 7, 721, 721
9, 4, 9, 994, 994
9, 3, 4, 394, 394
8, 9, 8, 988, 988
8, 5, 4, 485, 485
3, 3, 8, 833, 833
7, 6, 2, 627, 627
2, 2, 8, 822, 822
7, 4, 3, 347, 347
9, 6, 4, 496, 496
2, 3, 2, 322, 322
6, 1, 6, 166, 166
1, 8, 3, 381, 381
7, 5, 9, 795, 795
8, 5, 7, 578, 578
7, 7, 5, 577, 577
2, 5, 7, 527, 527
6, 8, 9, 698, 698
4, 3, 7, 743, 743
4, 3, 7, 734, 734
5, 9, 1, 195, 195
4, 9, 5, 459, 459
8, 4, 7, 874, 874
1, 2, 9, 291, 291
2, 1, 8, 281, 281
4, 8, 4, 448, 448
8, 3, 1, 183, 183
7, 7, 2, 277, 277
8, 1, 4, 418, 418
8, 9, 3, 983, 983
1, 5, 3, 351, 351
9, 7, 4, 749, 749
2, 8, 9, 298, 298
5, 9, 5, 559, 559
1, 9, 2, 291, 291
7, 5, 9, 597, 597
6, 1, 7, 176, 176
8, 9, 3, 398, 398
2, 9, 8, 928, 928
1, 6, 5, 615, 615
2, 1, 8, 128, 128
1, 3, 3, 313, 313
5, 1, 3, 531, 531
8, 7, 2, 782, 782
1, 5, 8, 581, 581
5, 6, 7, 765, 765
7, 6, 5, 576, 576
5, 9, 5, 559, 559
9, 1, 6, 961, 961
6, 2, 5, 265, 265
6, 6, 3, 366, 366
6, 3, 3, 363, 363
2, 3, 2, 223, 223
9, 9, 3, 399, 399
3, 4, 1, 134, 134
6, 3, 9, 936, 936
8, 4, 4, 448, 448
5, 1, 6, 651, 651
2, 1, 1, 112, 112
8, 3, 2, 283, 283
8, 2, 4, 428, 428
6, 9, 3, 963, 963
8, 9, 4, 948, 948
6, 8, 5, 586, 586
9, 5, 7, 759, 759
7, 4, 8, 784, 784
5, 8, 1, 158, 158
4, 5, 9, 945, 945
7, 1, 5, 175, 175
8, 2, 9, 928, 928
4, 5, 7, 475, 475
3, 3, 7, 373, 373
1, 9, 6, 916, 916
7, 8, 5, 875, 875
3, 5, 7, 573, 573
2, 9, 9, 992, 992
3, 4, 1, 143, 143
4, 6, 8, 864, 864
8, 9, 7, 879, 879
4, 7, 7, 774, 774
1, 9, 1, 911, 911
2, 8, 3, 823, 823
5, 3, 6, 563, 563
7, 3, 8, 378, 378
1, 2, 3, 132, 132
7, 1, 1, 117, 117
5, 5, 3, 355, 355
9, 6, 8, 896, 896
4, 6, 5, 654, 654
6, 1, 3, 163, 163
1, 6, 8, 618, 618
7, 9, 5, 597, 597
3, 7, 6, 763, 763
8, 7, 2, 827, 827
8, 5, 9, 895, 895
1, 8, 9, 981, 981
8, 7, 6, 786, 786
5, 7, 8, 785, 785
4, 1, 4, 441, 441
2, 1, 2, 122, 122
2, 9, 6, 962, 962
9, 2, 8, 982, 982
2, 9, 6, 926, 926
2, 1, 1, 121, 121
4, 5, 8, 584, 584
6, 8, 6, 866, 866
2, 7, 1, 721, 721
1, 2, 5, 215, 215
9, 7, 7, 779, 779
2, 6, 7, 627, 627
3, 5, 4, 453, 453
4, 9, 9, 994, 994
8, 9, 2, 298, 298
8, 9, 8, 889, 889
6, 7, 2, 762, 762
7, 3, 9, 397, 397
6, 2, 6, 266, 266
5, 4, 1, 415, 415
4, 3, 9, 493, 493
1, 9, 1, 119, 119
2, 4, 7, 724, 724
8, 6, 2, 682, 682
3, 2, 6, 263, 263
2, 1, 9, 912, 912
3, 5, 3, 533, 533
5, 6, 9, 965, 965
3, 1, 3, 331, 331
7, 3, 9, 397, 397
6, 8, 6, 668, 668
6, 8, 1, 186, 186
3, 6, 7, 376, 376
5, 4, 5, 554, 554
1, 5, 1, 115, 115
2, 6, 1, 621, 621
4, 1, 3, 134, 134
3, 2, 7, 237, 237
5, 7, 4, 475, 475
8, 3, 2, 328, 328
6, 8, 9, 986, 986
9, 5, 3, 593, 593
6, 8, 2, 268, 268
9, 9, 1, 199, 199
8, 2, 9, 289, 289
3, 9, 1, 139, 139
9, 3, 6, 963, 963
6, 2, 1, 162, 162
3, 2, 3, 233, 233
8, 6, 1, 816, 816
1, 3, 6, 631, 631
7, 7, 2, 727, 727
3, 2, 2, 223, 223
4, 9, 2, 429, 429
3, 5, 6, 635, 635
4, 7, 3, 734, 734
2, 4, 6, 462, 462
2, 5, 4, 425, 425
4, 7, 3, 734, 734
2, 6, 3, 362, 362
9, 5, 4, 459, 459
4, 6, 2, 264, 264
4, 7, 4, 447, 447
9, 7, 5, 579, 579
9, 7, 3, 379, 379
7, 6, 2, 267, 267
1, 2, 5, 251, 251
4, 7, 8, 748, 748
8, 9, 2, 829, 829
4, 3, 5, 453, 453
2, 9, 9, 929, 929
7, 8, 8, 887, 887
7, 3, 2, 273, 273
6, 1, 4, 461, 461
7, 6, 5, 657, 657
1, 5, 1, 511, 511
2, 8, 9, 982, 982
5, 1, 7, 157, 157
8, 3, 5, 385, 385
7, 4, 7, 477, 477
5, 3, 8, 583, 583
6, 5, 6, 665, 665
6, 4, 8, 468, 468
1, 8, 7, 718, 718
4, 4, 8, 844, 844
6, 4, 2, 246, 246
5, 1, 6, 615, 615
1, 7, 5, 517, 517
1, 4, 7, 741, 741
4, 9, 4, 944, 944
8, 1, 9, 189, 189
5, 6, 3, 653, 653
6, 4, 5, 564, 564
9, 5, 8, 895, 895
4, 9, 8, 948, 948
2, 3, 6, 632, 632
7, 1, 1, 171, 171
8, 8, 7, 878, 878
4, 3, 5, 354, 354
5, 2, 4, 542, 542
7, 8, 4, 487, 487
1, 6, 1, 611, 611
6, 2, 3, 236, 236
3, 1, 8, 813, 813
1, 3, 9, 193, 193
6, 9, 7, 769, 769
5, 4, 3, 354, 354
4, 8, 3, 438, 438
1, 5, 7, 175, 175
4, 2, 1, 142, 142
5, 3, 6, 356, 356
9, 8, 2, 298, 298
7, 6, 4, 746, 746
5, 6, 5, 556, 556
4, 2, 2, 242, 242
5, 1, 6, 561, 561
5, 2, 2, 225, 225
5, 3, 9, 593, 593
4, 2, 3, 234, 234
8, 5, 3, 385, 385
5, 6, 2, 625, 625
3, 2, 1, 312, 312
9, 7, 7, 797, 797
2, 4, 2, 224, 224
2, 8, 9, 892, 892
5, 7, 6, 567, 567
9, 8, 9, 899, 899
7, 7, 8, 787, 787
4, 1, 7, 174, 174
6, 7, 6, 766, 766
8, 7, 8, 788, 788
2, 1, 7, 712, 712
9, 8, 5, 859, 859
9, 8, 4, 498, 498
5, 7, 5, 755, 755
9, 5, 5, 595, 595
4, 1, 2, 241, 241
5, 5, 3, 355, 355
3, 8, 8, 883, 883
9, 7, 5, 579, 579
4, 8, 8, 848, 848
5, 3, 6, 356, 356
5, 6, 1, 165, 165
6, 8, 9, 986, 986
6, 8, 7, 876, 876
5, 8, 6, 568, 568
6, 7, 4, 764, 764
4, 3, 1, 341, 341
7, 9, 4, 497, 497
1, 8, 7, 871, 871
9, 3, 1, 319, 319
2, 4, 1, 142, 142
2, 7, 4, 742, 742
9, 7, 6, 769, 769
7, 7, 2, 727, 727
4, 2, 5, 542, 542
8, 8, 1, 818, 818
2, 3, 7, 732, 732
2, 6, 2, 226, 226
5, 2, 1, 125, 125
6, 1, 5, 156, 156
8, 6, 3, 368, 368
1, 7, 2, 721, 721
1, 7, 3, 317, 317
6, 5, 3, 536, 536
1, 6, 9, 619, 619
5, 7, 2, 752, 752
6, 9, 2, 296, 296
6, 6, 4, 646, 646
1, 4, 5, 154, 154
3, 3, 6, 633, 633
4, 3, 1, 314, 314
7, 1, 6, 671, 671
6, 7, 7, 776, 776
9, 9, 8, 899, 899
2, 1, 4, 124, 124
4, 8, 5, 458, 458
6, 9, 8, 968, 968
7, 8, 1, 187, 187
8, 4, 6, 468, 468
7, 3, 6, 763, 763
9, 3, 3, 339, 339
4, 1, 9, 149, 149
4, 5, 2, 425, 425
2, 7, 1, 721, 721
5, 4, 9, 459, 459
5, 5, 2, 525, 525
1, 4, 8, 481, 481
9, 4, 7, 749, 749
3, 1, 7, 137, 137
2, 8, 5, 528, 528
9, 4, 5, 495, 495
4, 6, 1, 146, 146
6, 6, 1, 616, 616
9, 5, 1, 195, 195
7, 9, 8, 897, 897
2, 1, 9, 192, 192
8, 8, 4, 848, 848
3, 9, 6, 639, 639
1, 9, 1, 911, 911
9, 8, 9, 899, 899
3, 5, 1, 513, 513
7, 9, 9, 997, 997
4, 8, 3, 843, 843
2, 7, 5, 527, 527
6, 4, 3, 463, 463
6, 2, 3, 632, 632
5, 1, 9, 159, 159
6, 2, 4, 462, 462
2, 8, 1, 821, 821
3, 6, 9, 936, 936
1, 3, 3, 331, 331
8, 7, 1, 187, 187
1, 4, 4, 414, 414
8, 7, 9, 798, 798
3, 2, 3, 233, 233
6, 7, 5, 765, 765
5, 3, 6, 635, 635
7, 7, 3, 737, 737
7, 3, 9, 379, 379
3, 6, 4, 643, 643
5, 9, 6, 695, 695
9, 2, 6, 629, 629
2, 2, 6, 262, 262
1, 3, 1, 113, 113
9, 8, 5, 958, 958
5, 4, 7, 754, 754
6, 8, 9, 896, 896
4, 2, 9, 942, 942
7, 9, 8, 978, 978
9, 4, 9, 994, 994
5, 7, 4, 457, 457
9, 5, 7, 795, 795
9, 4, 2, 924, 924
4, 1, 6, 146, 146
7, 7, 5, 757, 757
9, 9, 4, 499, 499
5, 6, 5, 655, 655
1, 2, 6, 261, 261
5, 3, 6, 635, 635
9, 3, 1, 391, 391
1, 8, 3, 138, 138
5, 2, 6, 625, 625
7, 8, 7, 877, 877
8, 3, 6, 638, 638
7, 8, 4, 748, 748
7, 3, 8, 837, 837
3, 3, 5, 353, 353
7, 5, 3, 735, 735
4, 7, 7, 774, 774
8, 2, 9, 892, 892
8, 1, 2, 281, 281
1, 3, 8, 831, 831
5, 5, 4, 455, 455
4, 7, 7, 747, 747
5, 2, 1, 251, 251
6, 1, 3, 361, 361
3, 9, 2, 329, 329
1, 8, 5, 518, 518
7, 8, 9, 978, 978
4, 9, 8, 984, 984
1, 2, 5, 215, 215
5, 4, 9, 459, 459
3, 7, 4, 734, 734
8, 6, 9, 986, 986
4, 6, 7, 764, 764
4, 3, 8, 384, 384
2, 5, 1, 521, 521
4, 8, 7, 478, 478
1, 5, 2, 251, 251
7, 1, 2, 721, 721
9, 1, 1, 191, 191
4, 4, 2, 424, 424
6, 1, 8, 816, 816
7, 4, 9, 947, 947
8, 4, 2, 428, 428
8, 1, 7, 718, 718
8, 8, 5, 588, 588
7, 3, 2, 372, 372
4, 6, 1, 416, 416
3, 9, 7, 739, 739
8, 2, 2, 228, 228
6, 7, 3, 367, 367
5, 1, 3, 531, 531
9, 3, 4, 493, 493
2, 3, 4, 324, 324
9, 4, 3, 934, 934
8, 9, 5, 958, 958
3, 4, 6, 463, 463
5, 9, 9, 959, 959
7, 4, 8, 874, 874
5, 3, 5, 355, 355
4, 9, 5, 594, 594
4, 2, 7, 274, 274
8, 1, 3, 831, 831
3, 3, 6, 363, 363
6, 5, 3, 536, 536
2, 2, 5, 252, 252
1, 2, 2, 221, 221
5, 4, 3, 354, 354
3, 9, 3, 933, 933
1, 3, 8, 381, 381
8, 6, 5, 586, 586
1, 9, 7, 917, 917
8, 9, 5, 859, 859
6, 8, 1, 618, 618
9, 5, 6, 596, 596
8, 1, 7, 718, 718
8, 1, 2, 281, 281
6, 4, 9, 946, 946
1, 9, 3, 913, 913
4, 8, 3, 843, 843
4, 6, 9, 946, 946
9, 4, 3, 439, 439
8, 6, 5, 586, 586
2, 8, 1, 128, 128
6, 5, 4, 465, 465
3, 7, 3, 337, 337
9, 3, 3, 339, 339
5, 4, 1, 145, 145
1, 1, 5, 151, 151
1, 9, 8, 891, 891
6, 4, 7, 746, 746
3, 1, 7, 371, 371
1, 5, 1, 115, 115
8, 3, 7, 378, 378
6, 5, 9, 596, 596
8, 2, 9, 298, 298
5, 3, 1, 351, 351
8, 8, 2, 828, 828
5, 3, 3, 353, 353
1, 3, 7, 731, 731
5, 9, 8, 958, 958
9, 2, 3, 392, 392
4, 5, 6, 645, 645
2, 1, 7, 172, 172
4, 9, 9, 994, 994
4, 4, 8, 484, 484
4, 9, 4, 944, 944
6, 9, 1, 169, 169
5, 2, 8, 258, 258
7, 7, 1, 717, 717
8, 4, 1, 418, 418
5, 4, 3, 345, 345
5, 4, 2, 524, 524
4, 7, 9, 947, 947
5, 6, 3, 635, 635
1, 5, 4, 541, 541
7, 6, 8, 678, 678
5, 1, 9, 195, 195
4, 8, 7, 478, 478
9, 5, 5, 595, 595
7, 3, 9, 793, 793
4, 8, 9, 984, 984
3, 5, 9, 593, 593
9, 8, 9, 899, 899
6, 2, 1, 162, 162
2, 6, 4, 426, 426
1, 3, 3, 313, 313
5, 8, 4, 458, 458
9, 2, 6, 962, 962
8, 9, 4, 984, 984
5, 4, 1, 415, 415
8, 7, 2, 728, 728
4, 5, 5, 545, 545
9, 1, 5, 591, 591
2, 6, 8, 862, 862
7, 2, 9, 297, 297
6, 8, 3, 368, 368
5, 1, 2, 251, 251
9, 1, 6, 619, 619
4, 6, 8, 846, 846
5, 6, 1, 165, 165
3, 6, 5, 563, 563
5, 6, 8, 586, 586
9, 4, 4, 494, 494
7, 2, 1, 217, 217
4, 4, 1, 144, 144
7, 9, 4, 479, 479
2, 8, 2, 228, 228
5, 9, 9, 959, 959
5, 6, 7, 765, 765
4, 4, 8, 844, 844
8, 6, 3, 638, 638
9, 6, 5, 569, 569
1, 9, 7, 971, 971
4, 4, 1, 144, 144
5, 1, 9, 915, 915
4, 8, 6, 468, 468
6, 4, 6, 664, 664
2, 9, 7, 927, 927
5, 1, 9, 159, 159
2, 9, 8, 982, 982
1, 8, 4, 481, 481
3, 3, 8, 383, 383
1, 6, 9, 961, 961
7, 1, 5, 751, 751
7, 2, 9, 279, 279
3, 1, 9, 913, 913
9, 4, 9, 499, 499
1, 9, 3, 913, 913
8, 3, 5, 583, 583
1, 8, 5, 851, 851
8, 6, 9, 698, 698
9, 2, 6, 692, 692
9, 2, 5, 295, 295
7, 6, 4, 467, 467
3, 9, 6, 693, 693
1, 2, 6, 612, 612
8, 4, 4, 484, 484
6, 7, 1, 761, 761
7, 4, 6, 647, 647
8, 3, 7, 387, 387
6, 5, 9, 569, 569
5, 8, 8, 858, 858
2, 8, 9, 892, 892
4, 8, 9, 984, 984
2, 3, 8, 832, 832
2, 2, 7, 272, 272
5, 8, 6, 568, 568
2, 3, 6, 263, 263
4, 4, 7, 474, 474
7, 3, 4, 743, 743
1, 3, 8, 831, 831
5, 4, 5, 455, 455
9, 1, 7, 971, 971
4, 4, 9, 944, 944
9, 3, 3, 393, 393
5, 2, 4, 452, 452
9, 2, 9, 992, 992
4, 7, 2, 742, 742
4, 1, 4, 144, 144
6, 3, 2, 362, 362
6, 9, 7, 967, 967
4, 6, 7, 476, 476
7, 5, 7, 577, 577
1, 7, 1, 711, 711
7, 5, 9, 579, 579
2, 4, 9, 942, 942
2, 9, 8, 982, 982
2, 2, 3, 232, 232
6, 9, 4, 946, 946
8, 9, 7, 978, 978
5, 7, 7, 757, 757
8, 3, 5, 538, 538
9, 1, 7, 179, 179
9, 8, 1, 198, 198
2, 9, 7, 729, 729
7, 8, 9, 798, 798
4, 7, 3, 734, 734
2, 2, 7, 272, 272
5, 4, 8, 584, 584
3, 5, 7, 753, 753
5, 5, 2, 255, 255
8, 3, 5, 358, 358
7, 8, 1, 718, 718
8, 6, 9, 986, 986
9, 4, 8, 894, 894
5, 4, 8, 458, 458
3, 6, 6, 663, 663
9, 1, 5, 159, 159
1, 6, 8, 816, 816
2, 1, 3, 231, 231
4, 7, 4, 447, 447
6, 4, 3, 634, 634
4, 1, 4, 144, 144
2, 7, 3, 732, 732
7, 6, 8, 786, 786
5, 5, 9, 955, 955
5, 2, 6, 562, 562
9, 5, 8, 589, 589
2, 9, 6, 692, 692
8, 6, 6, 686, 686
3, 2, 3, 332, 332
7, 2, 7, 277, 277
4, 7, 8, 748, 748
4, 9, 7, 947, 947
6, 4, 8, 684, 684
2, 6, 8, 862, 862
1, 9, 5, 519, 519
2, 9, 2, 229, 229
6, 7, 9, 967, 967
7, 6, 6, 676, 676
7, 8, 1, 817, 817
8, 2, 6, 682, 682
9, 5, 1, 195, 195
7, 2, 7, 772, 772
6, 3, 9, 936, 936
2, 1, 3, 132, 132
3, 4, 9, 934, 934
1, 2, 7, 217, 217
1, 6, 6, 616, 616
3, 3, 5, 533, 533
7, 3, 9, 397, 397
5, 6, 7, 576, 576
1, 8, 6, 618, 618
4, 2, 6, 624, 624
7, 4, 1, 174, 174
4, 4, 3, 344, 344
7, 8, 4, 847, 847
5, 5, 7, 575, 575
2, 4, 5, 542, 542
2, 3, 8, 328, 328
5, 2, 1, 251, 251
6, 8, 1, 618, 618
3, 1, 8, 831, 831
7, 5, 7, 775, 775
5, 3, 1, 153, 153
7, 9, 2, 972, 972
5, 7, 6, 567, 567
6, 9, 4, 496, 496
2, 4, 5, 452, 452
5, 4, 2, 254, 254
2, 5, 5, 525, 525
4, 6, 2, 246, 246
3, 4, 4, 443, 443
5, 6, 2, 526, 526
2, 6, 9, 629, 629
2, 3, 9, 392, 392
5, 3, 8, 385, 385
2, 4, 9, 429, 429
4, 9, 4, 944, 944
9, 7, 5, 579, 579
6, 4, 4, 464, 464
4, 7, 2, 274, 274
7, 4, 1, 714, 714
9, 7, 1, 197, 197
4, 2, 1, 142, 142
6, 2, 5, 256, 256
9, 5, 2, 925, 925
6, 2, 4, 246, 246
2, 7, 4, 724, 724
7, 4, 6, 476, 476
6, 6, 8, 686, 686
5, 5, 6, 565, 565
2, 7, 4, 247, 247
4, 9, 4, 944, 944
5, 4, 1, 514, 514
6, 1, 7, 671, 671
2, 8, 7, 278, 278
5, 1, 4, 415, 415
9, 5, 7, 579, 579
5, 6, 1, 165, 165
5, 3, 2, 352, 352
5, 4, 7, 475, 475
7, 1, 7, 177, 177
7, 5, 2, 725, 725
5, 9, 1, 951, 951
9, 8, 6, 968, 968
2, 4, 2, 422, 422
3, 3, 8, 833, 833
1, 9, 1, 911, 911
1, 8, 4, 841, 841
5, 9, 6, 659, 659
4, 6, 2, 264, 264
2, 1, 2, 221, 221
3, 5, 7, 537, 537
1, 2, 8, 182, 182
5, 5, 6, 565, 565
1, 1, 6, 161, 161
2, 9, 5, 529, 529
8, 4, 1, 148, 148
2, 3, 6, 263, 263
1, 4, 2, 214, 214
7, 8, 3, 738, 738
8, 9, 8, 988, 988
7, 3, 6, 673, 673
5, 1, 7, 571, 571
2, 2, 3, 232, 232
4, 5, 3, 543, 543
2, 3, 6, 263, 263
1, 7, 8, 871, 871
7, 2, 4, 472, 472
9, 7, 3, 379, 379
4, 3, 8, 483, 483
5, 4, 5, 455, 455
4, 7, 8, 748, 748
8, 9, 5, 958, 958
5, 4, 3, 354, 354
7, 6, 4, 476, 476
9, 5, 8, 895, 895
3, 4, 1, 143, 143
8, 6, 5, 586, 586
4, 3, 6, 346, 346
2, 9, 7, 729, 729
3, 2, 9, 293, 293
5, 6, 5, 556, 556
3, 6, 4, 346, 346
4, 6, 3, 436, 436
3, 2, 6, 236, 236
2, 5, 7, 752, 752
5, 1, 2, 125, 125
6, 3, 9, 693, 693
4, 5, 1, 415, 415
1, 2, 6, 612, 612
8, 1, 7, 187, 187
5, 8, 9, 985, 985
4, 5, 9, 945, 945
3, 4, 9, 439, 439
7, 9, 6, 967, 967
9, 1, 2, 129, 129
6, 9, 7, 769, 769
4, 7, 8, 487, 487
1, 7, 2, 127, 127
1, 1, 6, 161, 161
4, 2, 9, 942, 942
8, 8, 9, 898, 898
6, 8, 9, 968, 968
6, 5, 3, 635, 635
4, 3, 8, 348, 348
5, 7, 3, 357, 357
5, 8, 3, 538, 538
4, 9, 8, 948, 948
8, 9, 2, 982, 982
8, 5, 6, 685, 685
7, 4, 9, 497, 497
8, 7, 9, 897, 897
8, 9, 1, 198, 198
6, 5, 2, 562, 562
9, 1, 5, 519, 519
8, 8, 9, 898, 898
5, 6, 5, 655, 655
3, 6, 8, 683, 683
6, 6, 9, 696, 696
1, 8, 6, 168, 168
2, 9, 1, 921, 921
9, 2, 5, 529, 529
4, 6, 7, 746, 746
2, 6, 1, 126, 126
9, 6, 4, 946, 946
2, 9, 9, 992, 992
8, 4, 2, 248, 248
1, 3, 3, 331, 331
9, 4, 7, 749, 749
9, 4, 5, 594, 594
2, 8, 3, 832, 832
5, 9, 2, 259, 259
2, 3, 5, 532, 532
7, 6, 4, 746, 746
6, 2, 5, 265, 265
7, 4, 3, 374, 374
9, 9, 2, 929, 929
7, 1, 2, 127, 127
2, 3, 2, 322, 322
7, 5, 8, 578, 578
1, 7, 2, 721, 721
5, 3, 4, 453, 453
9, 6, 6, 696, 696
6, 8, 4, 468, 468
2, 4, 4, 424, 424
9, 4, 2, 492, 492
8, 5, 6, 568, 568
2, 2, 5, 252, 252
8, 2, 2, 282, 282
8, 7, 1, 178, 178
5, 3, 4, 543, 543
7, 1, 7, 771, 771
9, 4, 9, 499, 499
4, 2, 7, 274, 274
8, 8, 2, 828, 828
1, 9, 7, 971, 971
1, 7, 5, 751, 751
3, 2, 2, 223, 223
1, 2, 8, 812, 812
1, 4, 6, 164, 164
3, 3, 8, 383, 383
9, 5, 8, 598, 598
3, 1, 4, 134, 134
5, 5, 3, 535, 535
7, 6, 3, 376, 376
4, 6, 7, 647, 647
9, 2, 4, 492, 492
5, 5, 2, 525, 525
5, 2, 7, 572, 572
4, 9, 7, 794, 794
4, 7, 2, 742, 742
6, 2, 1, 162, 162
3, 6, 3, 336, 336
7, 9, 1, 179, 179
7, 1, 9, 197, 197
6, 8, 2, 286, 286
4, 4, 1, 144, 144
4, 7, 8, 748, 748
1, 6, 6, 616, 616
5, 5, 4, 545, 545
5, 2, 3, 325, 325
1, 5, 7, 517, 517
6, 5, 5, 565, 565
1, 4, 4, 441, 441
2, 7, 5, 725, 725
5, 9, 3, 395, 395
1, 8, 3, 813, 813
9, 5, 8, 985, 985
2, 1, 4, 412, 412
9, 1, 8, 981, 981
2, 1, 6, 621, 621
2, 2, 4, 422, 422
2, 9, 2, 922, 922
8, 2, 7, 872, 872
1, 2, 9, 219, 219
6, 7, 7, 776, 776
8, 7, 4, 487, 487
6, 7, 5, 756, 756
5, 5, 3, 535, 535
9, 6, 8, 896, 896
6, 5, 4, 564, 564
4, 9, 2, 249, 249
9, 5, 7, 759, 759
1, 4, 4, 414, 414
7, 6, 2, 627, 627
1, 6, 3, 316, 316
5, 8, 9, 985, 985
2, 9, 7, 279, 279
5, 4, 1, 451, 451
8, 4, 5, 458, 458
7, 7, 5, 577, 577
4, 1, 6, 641, 641
1, 1, 9, 191, 191
4, 3, 5, 453, 453
2, 5, 3, 523, 523
1, 7, 3, 731, 731
6, 3, 7, 673, 673
5, 2, 9, 925, 925
5, 7, 8, 875, 875
8, 9, 8, 889, 889
9, 1, 8, 981, 981
5, 1, 7, 571, 571
2, 9, 4, 924, 924
5, 6, 5, 556, 556
4, 9, 8, 489, 489
6, 4, 7, 674, 674
8, 4, 6, 864, 864
4, 8, 1, 148, 148
8, 1, 3, 831, 831
7, 6, 2, 672, 672
1, 6, 9, 916, 916
5, 5, 9, 595, 595
6, 6, 5, 656, 656
1, 3, 7, 713, 713
4, 4, 1, 414, 414
8, 8, 5, 858, 858
3, 1, 7, 137, 137
3, 9, 7, 973, 973
6, 7, 4, 467, 467
3, 8, 1, 183, 183
1, 5, 6, 615, 615
8, 7, 2, 287, 287
7, 8, 3, 387, 387
1, 7, 1, 117, 117
5, 9, 3, 953, 953
3, 5, 8, 583, 583
4, 5, 7, 754, 754
5, 1, 2, 152, 152
4, 1, 2, 214, 214
4, 7, 8, 874, 874
3, 2, 2, 232, 232
3, 4, 7, 734, 734
2, 1, 7, 172, 172
4, 4, 8, 484, 484
3, 3, 9, 393, 393
1, 1, 3, 311, 311
6, 7, 2, 726, 726
7, 5, 7, 577, 577
8, 9, 6, 986, 986
3, 4, 9, 439, 439
5, 7, 9, 957, 957
2, 9, 6, 962, 962
3, 9, 6, 639, 639
3, 1, 8, 183, 183
3, 6, 7, 376, 376
6, 6, 7, 766, 766
1, 4, 7, 714, 714
7, 8, 5, 578, 578
7, 9, 2, 927, 927
7, 4, 4, 447, 447
2, 1, 1, 121, 121
1, 1, 6, 161, 161
2, 3, 4, 432, 432
6, 2, 1, 126, 126
6, 1, 5, 165, 165
8, 1, 4, 841, 841
1, 4, 7, 471, 471
1, 5, 4, 514, 514
9, 1, 5, 519, 519
4, 6, 1, 416, 416
2, 1, 5, 521, 521
1, 7, 3, 731, 731
3, 1, 1, 131, 131
3, 6, 7, 763, 763
3, 4, 7, 374, 374
2, 9, 2, 229, 229
7, 7, 5, 577, 577
2, 3, 9, 329, 329
3, 8, 2, 823, 823
6, 3, 8, 683, 683
7, 8, 4, 847, 847
7, 8, 3, 387, 387
1, 9, 3, 139, 139
2, 7, 2, 722, 722
3, 6, 8, 863, 863
1, 3, 3, 313, 313
2, 3, 6, 263, 263
3, 1, 5, 531, 531
9, 9, 6, 969, 969
7, 3, 9, 973, 973
3, 8, 9, 938, 938
3, 5, 9, 953, 953
5, 7, 6, 657, 657
3, 9, 2, 239, 239
6, 1, 5, 651, 651
7, 1, 9, 971, 971
8, 2, 1, 218, 218
8, 8, 3, 388, 388
9, 5, 9, 599, 599
8, 7, 7, 787, 787
6, 2, 8, 682, 682
1, 5, 6, 561, 561
6, 8, 5, 856, 856
7, 3, 5, 357, 357
6, 3, 5, 365, 365
9, 8, 7, 978, 978
5, 8, 4, 485, 485
6, 1, 1, 116, 116
5, 4, 5, 455, 455
5, 9, 2, 925, 925
3, 5, 4, 435, 435
5, 8, 2, 852, 852
3, 1, 5, 153, 153
8, 9, 3, 398, 398
1, 6, 7, 176, 176
3, 2, 6, 362, 362
9, 9, 2, 299, 299
1, 6, 1, 116, 116
6, 8, 4, 864, 864
8, 6, 5, 856, 856
1, 5, 7, 571, 571
8, 8, 5, 858, 858
3, 1, 5, 513, 513
2, 9, 6, 962, 962
1, 3, 2, 123, 123
1, 7, 3, 371, 371
9, 2, 7, 792, 792
1, 1, 4, 411, 411
6, 2, 5, 526, 526
4, 4, 2, 424, 424
4, 9, 7, 947, 947
9, 5, 3, 539, 539
8, 4, 1, 148, 148
6, 3, 6, 663, 663
3, 1, 5, 153, 153
7, 2, 7, 277, 277
6, 2, 1, 126, 126
1, 5, 1, 511, 511
2, 1, 3, 312, 312
6, 1, 6, 166, 166
8, 1, 7, 178, 178
3, 1, 8, 183, 183
3, 1, 9, 931, 931
5, 4, 1, 415, 415
2, 3, 8, 283, 283
6, 9, 8, 689, 689
7, 7, 4, 477, 477
5, 7, 1, 175, 175
7, 2, 8, 287, 287
4, 2, 7, 472, 472
2, 7, 6, 726, 726
2, 1, 9, 129, 129
7, 9, 2, 297, 297
9, 9, 5, 959, 959
8, 8, 7, 788, 788
8, 3, 6, 638, 638
5, 3, 2, 523, 523
7, 1, 8, 871, 871
3, 6, 1, 136, 136
1, 2, 5, 251, 251
8, 5, 3, 358, 358
7, 4, 6, 674, 674
3, 7, 3, 337, 337
9, 8, 9, 899, 899
7, 9, 3, 397, 397
2, 6, 1, 126, 126
4, 5, 6, 654, 654
7, 3, 5, 357, 357
7, 5, 9, 975, 975
4, 7, 8, 874, 874
3, 7, 4, 734, 734
1, 3, 2, 312, 312
6, 2, 2, 262, 262
8, 4, 2, 248, 248
6, 9, 4, 469, 469
2, 8, 6, 628, 628
6, 6, 3, 366, 366
5, 9, 2, 529, 529
7, 7, 9, 797, 797
4, 3, 1, 413, 413
1, 5, 4, 541, 541
1, 6, 2, 261, 261
3, 9, 7, 739, 739
1, 6, 3, 613, 613
9, 3, 1, 139, 139
5, 6, 9, 965, 965
3, 8, 1, 831, 831
2, 6, 5, 625, 625
7, 3, 5, 357, 357
1, 5, 9, 951, 951
7, 3, 7, 773, 773
2, 3, 1, 321, 321
6, 2, 8, 826, 826
1, 3, 2, 321, 321
1, 4, 1, 114, 114
9, 2, 1, 192, 192
6, 7, 2, 627, 627
7, 2, 1, 217, 217
2, 9, 1, 129, 129
7, 4, 1, 417, 417
5, 1, 2, 251, 251
4, 6, 1, 641, 641
2, 7, 1, 712, 712
2, 8, 7, 278, 278
8, 1, 3, 318, 318
1, 1, 6, 611, 611
5, 5, 6, 655, 655
7, 2, 8, 872, 872
9, 4, 7, 497, 497
6, 2, 8, 682, 682
8, 4, 3, 384, 384
5, 8, 6, 568, 568
8, 9, 4, 948, 948
3, 5, 9, 593, 593
9, 7, 8, 987, 987
4, 7, 1, 147, 147
9, 8, 3, 839, 839
7, 1, 1, 171, 171
2, 1, 3, 312, 312
5, 8, 2, 852, 852
1, 5, 9, 915, 915
5, 7, 9, 975, 975
9, 3, 1, 139, 139
7, 8, 5, 875, 875
2, 6, 3, 326, 326
9, 9, 7, 979, 979
8, 1, 3, 318, 318
2, 8, 7, 728, 728
4, 4, 3, 344, 344
4, 3, 7, 347, 347
6, 8, 8, 886, 886
9, 4, 3, 934, 934
8, 4, 4, 484, 484
1, 2, 7, 712, 712
1, 7, 8, 817, 817
1, 5, 9, 951, 951
6, 9, 4, 649, 649
4, 3, 5, 543, 543
3, 7, 6, 367, 367
8, 1, 7, 871, 871
9, 1, 1, 191, 191
3, 5, 5, 553, 553
5, 9, 1, 159, 159
6, 1, 1, 116, 116
8, 7, 9, 789, 789
1, 9, 8, 918, 918
3, 9, 5, 539, 539
8, 7, 5, 857, 857
3, 7, 5, 537, 537
3, 1, 8, 813, 813
9, 2, 7, 297, 297
6, 7, 4, 746, 746
5, 7, 7, 775, 775
4, 6, 3, 634, 634
1, 7, 6, 761, 761
4, 2, 3, 432, 432
2, 2, 8, 282, 282
9, 3, 9, 399, 399
6, 8, 1, 861, 861
2, 6, 2, 226, 226
3, 7, 5, 573, 573
3, 5, 2, 532, 532
6, 3, 7, 673, 673
1, 6, 3, 631, 631
3, 2, 5, 235, 235
7, 4, 6, 476, 476
3, 3, 8, 383, 383
6, 9, 9, 969, 969
1, 9, 6, 169, 169
6, 9, 4, 946, 946
2, 9, 7, 279, 279
4, 2, 8, 842, 842
7, 2, 1, 712, 712
3, 1, 9, 913, 913
1, 8, 4, 841, 841
4, 2, 1, 124, 124
4, 9, 6, 946, 946
9, 5, 1, 519, 519
3, 2, 8, 832, 832
2, 9, 6, 269, 269
9, 2, 5, 295, 295
6, 4, 8, 864, 864
9, 1, 6, 691, 691
7, 3, 3, 373, 373
9, 5, 2, 592, 592
9, 5, 2, 259, 259
1, 5, 4, 451, 451
9, 6, 6, 669, 669
8, 6, 8, 688, 688
2, 6, 8, 628, 628
5, 7, 6, 567, 567
1, 1, 7, 711, 711
5, 5, 6, 565, 565
8, 6, 5, 586, 586
6, 1, 4, 461, 461
1, 7, 4, 147, 147
1, 7, 4, 714, 714
5, 6, 9, 956, 956
6, 1, 2, 261, 261
2, 5, 6, 526, 526
3, 7, 3, 337, 337
4, 6, 2, 624, 624
7, 7, 1, 177, 177
2, 8, 3, 238, 238
2, 3, 7, 723, 723
1, 7, 9, 917, 917
4, 7, 3, 743, 743
1, 6, 2, 612, 612
8, 5, 6, 658, 658
1, 3, 9, 319, 319
8, 4, 3, 348, 348
2, 8, 6, 826, 826
2, 3, 5, 253, 253
7, 9, 6, 679, 679
7, 1, 8, 187, 187
9, 8, 3, 893, 893
6, 7, 6, 667, 667
5, 2, 3, 532, 532
9, 1, 2, 192, 192
5, 4, 3, 345, 345
7, 4, 8, 784, 784
8, 6, 1, 168, 168
1, 6, 8, 816, 816
9, 5, 6, 659, 659
3, 6, 7, 376, 376
4, 7, 7, 774, 774
1, 3, 2, 231, 231
9, 4, 6, 649, 649
6, 9, 1, 961, 961
3, 8, 2, 283, 283
5, 7, 6, 765, 765
2, 3, 3, 323, 323
1, 5, 6, 165, 165
7, 8, 4, 874, 874
4, 3, 8, 384, 384
5, 8, 1, 851, 851
5, 9, 4, 945, 945
4, 3, 4, 443, 443
8, 7, 5, 857, 857
1, 2, 9, 192, 192
7, 3, 9, 379, 379
2, 5, 2, 522, 522
6, 5, 1, 156, 156
9, 2, 3, 932, 932
5, 8, 5, 855, 855
8, 3, 1, 183, 183
3, 7, 7, 737, 737
3, 5, 5, 535, 535
2, 5, 4, 524, 524
8, 6, 7, 687, 687
7, 6, 5, 576, 576
5, 1, 8, 581, 581
9, 5, 5, 595, 595
9, 7, 6, 769, 769
9, 5, 1, 915, 915
3, 8, 7, 738, 738
1, 3, 5, 351, 351
3, 5, 4, 453, 453
5, 1, 7, 175, 175
1, 2, 2, 221, 221
2, 6, 5, 652, 652
2, 5, 7, 572, 572
2, 9, 5, 952, 952
5, 2, 6, 625, 625
8, 8, 4, 848, 848
4, 5, 4, 445, 445
8, 6, 5, 658, 658
4, 8, 6, 684, 684
4, 2, 3, 324, 324
1, 2, 8, 218, 218
2, 5, 8, 825, 825
6, 6, 3, 636, 636
2, 1, 5, 251, 251
4, 5, 7, 547, 547
1, 2, 7, 271, 271
8, 3, 2, 823, 823
8, 3, 9, 938, 938
4, 6, 2, 624, 624
3, 9, 4, 439, 439
1, 9, 5, 591, 591
9, 4, 8, 894, 894
3, 3, 9, 393, 393
1, 6, 5, 561, 561
9, 2, 6, 629, 629
5, 3, 2, 253, 253
8, 2, 7, 782, 782
8, 8, 4, 848, 848
2, 7, 8, 782, 782
9, 7, 8, 987, 987
4, 3, 6, 364, 364
6, 7, 6, 667, 667
9, 7, 6, 697, 697
5, 9, 7, 957, 957
2, 1, 1, 121, 121
6, 4, 7, 746, 746
4, 4, 9, 494, 494
6, 1, 5, 156, 156
6, 1, 2, 621, 621
2, 6, 2, 226, 226
1, 1, 8, 811, 811
8, 4, 7, 748, 748
8, 3, 3, 338, 338
7, 8, 6, 687, 687
6, 9, 8, 869, 869
8, 5, 6, 658, 658
3, 2, 9, 923, 923
4, 9, 6, 964, 964
8, 3, 1, 138, 138
9, 8, 3, 389, 389
7, 8, 4, 487, 487
2, 1, 6, 612, 612
2, 6, 5, 625, 625
5, 8, 7, 785, 785
7, 4, 2, 247, 247
9, 4, 8, 894, 894
2, 1, 3, 231, 231
3, 1, 9, 913, 913
2, 1, 9, 291, 291
1, 8, 3, 831, 831
3, 7, 6, 673, 673
2, 1, 5, 512, 512
7, 1, 6, 176, 176
2, 3, 7, 327, 327
5, 8, 9, 895, 895
9, 4, 5, 549, 549
4, 5, 2, 245, 245
2, 3, 7, 732, 732
7, 4, 6, 764, 764
9, 6, 2, 269, 269
8, 7, 4, 784, 784
2, 5, 7, 275, 275
1, 7, 8, 187, 187
8, 3, 4, 843, 843
6, 5, 9, 596, 596
3, 4, 9, 394, 394
6, 2, 6, 266, 266
2, 6, 4, 642, 642
7, 5, 6, 567, 567
9, 3, 8, 983, 983
8, 2, 5, 285, 285
7, 2, 3, 327, 327
7, 4, 2, 274, 274
6, 5, 7, 675, 675
4, 6, 5, 546, 546
4, 9, 6, 964, 964
9, 2, 4, 294, 294
2, 9, 3, 932, 932
4, 1, 7, 471, 471
3, 7, 3, 337, 337
1, 5, 8, 851, 851
2, 8, 2, 228, 228
6, 2, 6, 266, 266
4, 9, 8, 894, 894
8, 4, 2, 284, 284
5, 8, 5, 855, 855
1, 5, 6, 651, 651
6, 7, 9, 967, 967
3, 3, 8, 833, 833
6, 5, 4, 465, 465
4, 6, 9, 946, 946
2, 3, 9, 293, 293
9, 3, 2, 923, 923
4, 1, 4, 441, 441
2, 3, 8, 832, 832
9, 7, 6, 769, 769
2, 4, 7, 427, 427
1, 9, 9, 919, 919
6, 9, 7, 769, 769
8, 6, 5, 856, 856
4, 3, 2, 324, 324
6, 9, 2, 926, 926
9, 1, 9, 199, 199
3, 9, 2, 932, 932
9, 7, 4, 749, 749
9, 3, 8, 983, 983
4, 1, 6, 641, 641
9, 3, 3, 339, 339
6, 8, 7, 867, 867
4, 3, 4, 344, 344
6, 3, 1, 316, 316
8, 2, 3, 832, 832
8, 3, 1, 813, 813
4, 1, 6, 164, 164
6, 8, 4, 846, 846
2, 3, 1, 213, 213
2, 3, 3, 323, 323
5, 2, 2, 252, 252
9, 7, 8, 987, 987
1, 9, 5, 915, 915
3, 1, 8, 831, 831
8, 1, 8, 881, 881
1, 5, 3, 315, 315
6, 2, 9, 962, 962
6, 4, 8, 468, 468
3, 4, 8, 834, 834
2, 4, 1, 214, 214
7, 6, 3, 637, 637
3, 6, 3, 336, 336
4, 3, 6, 364, 364
2, 5, 6, 265, 265
3, 6, 1, 613, 613
7, 7, 1, 177, 177
3, 7, 5, 735, 735
8, 6, 5, 568, 568
2, 3, 5, 532, 532
1, 1, 6, 611, 611
5, 3, 1, 351, 351
1, 3, 8, 183, 183
3, 1, 4, 431, 431
5, 9, 9, 959, 959
8, 8, 5, 858, 858
8, 8, 7, 788, 788
5, 9, 3, 539, 539
4, 4, 2, 424, 424
6, 8, 4, 648, 648
2, 2, 6, 622, 622
3, 2, 6, 632, 632
7, 2, 9, 279, 279
9, 4, 5, 954, 954
4, 6, 6, 664, 664
7, 3, 7, 377, 377
4, 4, 3, 434, 434
7, 1, 2, 721, 721
9, 3, 8, 839, 839
5, 8, 9, 895, 895
6, 5, 7, 765, 765
1, 4, 4, 414, 414
7, 2, 7, 772, 772
2, 3, 5, 523, 523
6, 6, 7, 766, 766
4, 7, 2, 247, 247
3, 5, 2, 532, 532
5, 6, 9, 965, 965
5, 9, 6, 569, 569
2, 7, 8, 872, 872
5, 9, 1, 951, 951
5, 1, 1, 151, 151
8, 1, 1, 181, 181
9, 1, 8, 819, 819
3, 9, 7, 739, 739
1, 2, 4, 241, 241
1, 6, 9, 691, 691
1, 6, 4, 641, 641
6, 8, 4, 486, 486
9, 8, 4, 948, 948
2, 4, 4, 442, 442
3, 2, 4, 234, 234
1, 2, 7, 721, 721
6, 2, 8, 286, 286
3, 4, 7, 374, 374
4, 2, 5, 254, 254
1, 6, 4, 416, 416
6, 2, 3, 236, 236
5, 9, 2, 925, 925
6, 8, 2, 862, 862
6, 2, 9, 962, 962
5, 7, 5, 557, 557
1, 4, 2, 124, 124
5, 9, 1, 951, 951
1, 8, 9, 981, 981
2, 3, 8, 832, 832
8, 3, 7, 873, 873
8, 7, 4, 478, 478
5, 5, 4, 545, 545
8, 4, 1, 148, 148
7, 4, 3, 437, 437
7, 6, 2, 726, 726
7, 8, 1, 871, 871
4, 9, 9, 949, 949
7, 5, 9, 795, 795
2, 2, 4, 242, 242
3, 1, 7, 713, 713
9, 6, 5, 596, 596
6, 2, 7, 672, 672
6, 8, 4, 468, 468
4, 9, 1, 941, 941
6, 4, 9, 469, 469
6, 5, 3, 356, 356
4, 5, 5, 545, 545
5, 6, 6, 656, 656
4, 4, 1, 414, 414
3, 3, 5, 353, 353
5, 2, 2, 252, 252
7, 4, 2, 274, 274
4, 1, 9, 914, 914
3, 8, 7, 738, 738
9, 8, 4, 894, 894
3, 7, 4, 437, 437
4, 3, 2, 423, 423
2, 6, 4, 426, 426
5, 8, 9, 598, 598
5, 3, 8, 385, 385
2, 9, 2, 229, 229
6, 4, 8, 846, 846
7, 4, 9, 974, 974
7, 2, 9, 279, 279
3, 8, 8, 883, 883
8, 9, 4, 498, 498
3, 5, 2, 325, 325
9, 6, 2, 629, 629
4, 9, 7, 974, 974
1, 3, 2, 213, 213
7, 9, 9, 997, 997
1, 4, 7, 471, 471
5, 9, 8, 985, 985
5, 1, 5, 551, 551
5, 3, 8, 358, 358
3, 8, 4, 483, 483
6, 5, 2, 562, 562
6, 7, 2, 627, 627
1, 9, 2, 129, 129
6, 9, 4, 496, 496
5, 4, 8, 584, 584
6, 7, 2, 276, 276
5, 1, 5, 551, 551
2, 2, 5, 252, 252
4, 3, 2, 324, 324
8, 8, 9, 898, 898
7, 7, 6, 677, 677
8, 1, 7, 718, 718
5, 1, 6, 156, 156
6, 2, 3, 362, 362
2, 8, 9, 892, 892
4, 3, 7, 473, 473
1, 7, 9, 197, 197
7, 1, 4, 417, 417
9, 1, 1, 191, 191
8, 4, 8, 488, 488
2, 4, 8, 284, 284
7, 2, 8, 872, 872
2, 3, 1, 213, 213
4, 7, 9, 497, 497
6, 1, 9, 691, 691
8, 1, 2, 128, 128
2, 3, 3, 332, 332
6, 8, 4, 864, 864
7, 4, 6, 674, 674
6, 9, 1, 961, 961
4, 7, 5, 574, 574
5, 7, 9, 759, 759
8, 2, 6, 286, 286
2, 8, 1, 218, 218
2, 4, 3, 342, 342
1, 2, 1, 211, 211
8, 5, 1, 158, 158
6, 7, 3, 376, 376
9, 9, 7, 979, 979
5, 7, 6, 657, 657
9, 6, 7, 796, 796
1, 4, 2, 241, 241
9, 6, 7, 796, 796
5, 5, 2, 255, 255
2, 7, 9, 297, 297
8, 3, 8, 388, 388
2, 4, 6, 264, 264
3, 9, 2, 923, 923
2, 4, 5, 425, 425
4, 5, 2, 425, 425
3, 1, 1, 131, 131
3, 7, 2, 273, 273
6, 2, 1, 261, 261
9, 3, 2, 392, 392
4, 4, 8, 484, 484
3, 4, 1, 431, 431
9, 9, 3, 399, 399
4, 3, 8, 843, 843
7, 7, 3, 737, 737
7, 2, 7, 277, 277
4, 6, 2, 246, 246
1, 6, 8, 681, 681
5, 3, 7, 375, 375
3, 6, 3, 633, 633
5, 4, 4, 454, 454
2, 6, 6, 626, 626
7, 1, 7, 177, 177
5, 8, 9, 985, 985
4, 4, 2, 424, 424
3, 5, 1, 513, 513
4, 3, 3, 343, 343
4, 3, 1, 341, 341
7, 2, 5, 752, 752
2, 3, 2, 322, 322
4, 7, 4, 447, 447
6, 7, 8, 867, 867
7, 3, 7, 377, 377
6, 2, 6, 662, 662
6, 2, 9, 269, 269
9, 7, 5, 597, 597
5, 3, 8, 835, 835
4, 3, 5, 345, 345
9, 7, 6, 967, 967
9, 3, 5, 359, 359
6, 6, 2, 266, 266
8, 2, 2, 228, 228
7, 2, 5, 572, 572
2, 2, 5, 522, 522
1, 6, 9, 196, 196
1, 9, 8, 819, 819
9, 1, 3, 931, 931
3, 8, 5, 583, 583
8, 4, 7, 748, 748
2, 1, 4, 412, 412
5, 3, 8, 583, 583
7, 2, 1, 271, 271
3, 2, 9, 392, 392
3, 5, 4, 345, 345
5, 7, 8, 857, 857
1, 8, 8, 881, 881
5, 7, 3, 375, 375
4, 8, 9, 498, 498
7, 2, 1, 127, 127
5, 5, 1, 155, 155
3, 9, 1, 319, 319
5, 4, 9, 459, 459
5, 1, 7, 751, 751
5, 7, 8, 587, 587
1, 1, 6, 611, 611
5, 9, 8, 589, 589
7, 1, 8, 817, 817
4, 3, 9, 943, 943
9, 2, 4, 429, 429
4, 3, 8, 348, 348
1, 9, 2, 912, 912
2, 6, 8, 286, 286
4, 1, 7, 714, 714
8, 5, 4, 584, 584
2, 2, 7, 722, 722
2, 8, 6, 628, 628
3, 6, 9, 639, 639
1, 3, 5, 351, 351
5, 9, 4, 495, 495
5, 8, 5, 558, 558
7, 8, 4, 478, 478
4, 9, 8, 984, 984
5, 7, 2, 275, 275
3, 2, 7, 273, 273
5, 7, 1, 715, 715
3, 5, 8, 385, 385
3, 8, 2, 328, 328
7, 6, 8, 687, 687
2, 9, 3, 329, 329
1, 2, 5, 215, 215
4, 1, 9, 941, 941
7, 5, 2, 527, 527
5, 9, 4, 495, 495
5, 4, 3, 453, 453
9, 2, 2, 229, 229
2, 4, 6, 426, 426
2, 7, 8, 728, 728
5, 6, 1, 615, 615
8, 4, 8, 488, 488
8, 5, 3, 385, 385
9, 2, 3, 293, 293
9, 6, 3, 936, 936
6, 9, 2, 269, 269
3, 7, 9, 793, 793
9, 8, 9, 899, 899
7, 2, 5, 527, 527
4, 8, 9, 894, 894
8, 9, 7, 798, 798
2, 4, 9, 492, 492
3, 1, 3, 133, 133
2, 1, 9, 129, 129
8, 8, 1, 818, 818
2, 6, 3, 362, 362
6, 5, 6, 665, 665
2, 2, 3, 322, 322
2, 5, 6, 625, 625
1, 3, 5, 351, 351
2, 7, 8, 827, 827
7, 5, 9, 579, 579
5, 7, 7, 757, 757
5, 3, 7, 753, 753
9, 4, 7, 794, 794
2, 5, 7, 725, 725
9, 7, 4, 497, 497
8, 3, 4, 483, 483
8, 3, 8, 388, 388
3, 3, 6, 633, 633
4, 5, 9, 549, 549
9, 2, 9, 992, 992
5, 1, 5, 551, 551
5, 5, 6, 655, 655
6, 9, 3, 369, 369
1, 2, 5, 251, 251
4, 6, 1, 146, 146
1, 9, 5, 915, 915
1, 7, 6, 617, 617
9, 8, 9, 998, 998
5, 2, 8, 258, 258
3, 7, 3, 337, 337
2, 4, 2, 422, 422
3, 9, 3, 933, 933
4, 5, 9, 495, 495
1, 3, 5, 315, 315
1, 2, 9, 192, 192
5, 3, 3, 353, 353
7, 5, 2, 257, 257
8, 7, 6, 867, 867
1, 9, 3, 913, 913
7, 3, 7, 377, 377
6, 2, 7, 762, 762
2, 1, 1, 112, 112
8, 7, 8, 887, 887
8, 1, 3, 831, 831
1, 7, 1, 711, 711
4, 3, 5, 453, 453
1, 5, 1, 511, 511
9, 1, 3, 931, 931
5, 4, 3, 345, 345
8, 2, 3, 238, 238
7, 3, 7, 377, 377
1, 3, 7, 173, 173
3, 3, 6, 633, 633
9, 1, 7, 791, 791
6, 2, 8, 682, 682
3, 7, 5, 753, 753
9, 4, 7, 974, 974
5, 7, 9, 975, 975
1, 9, 9, 991, 991
8, 2, 4, 482, 482
4, 9, 5, 549, 549
7, 5, 9, 579, 579
8, 1, 7, 781, 781
1, 9, 6, 619, 619
2, 5, 1, 215, 215
8, 7, 9, 798, 798
3, 5, 9, 953, 953
1, 3, 2, 123, 123
6, 9, 5, 569, 569
3, 1, 5, 351, 351
5, 1, 8, 185, 185
2, 4, 3, 432, 432
9, 3, 3, 339, 339
9, 5, 2, 259, 259
3, 9, 5, 359, 359
2, 8, 3, 823, 823
1, 2, 2, 212, 212
6, 4, 9, 946, 946
9, 7, 7, 779, 779
2, 6, 1, 621, 621
4, 7, 3, 743, 743
4, 8, 5, 458, 458
7, 1, 5, 517, 517
6, 8, 6, 866, 866
1, 9, 8, 891, 891
5, 1, 9, 591, 591
8, 9, 8, 889, 889
9, 1, 6, 961, 961
8, 4, 9, 489, 489
4, 7, 9, 974, 974
2, 5, 3, 235, 235
6, 7, 6, 667, 667
4, 2, 9, 942, 942
8, 5, 3, 538, 538
4, 2, 2, 242, 242
5, 1, 7, 715, 715
1, 1, 6, 611, 611
1, 8, 4, 481, 481
2, 6, 1, 126, 126
5, 8, 1, 518, 518
1, 3, 6, 163, 163
4, 8, 2, 842, 842
6, 6, 8, 866, 866
3, 6, 4, 346, 346
7, 8, 6, 876, 876
7, 5, 3, 375, 375
9, 7, 2, 927, 927
8, 4, 9, 948, 948
9, 2, 1, 291, 291
5, 3, 7, 735, 735
3, 5, 3, 335, 335
7, 7, 3, 737, 737
3, 3, 5, 353, 353
5, 9, 9, 959, 959
2, 4, 5, 254, 254
8, 6, 8, 688, 688
4, 6, 3, 634, 634
1, 5, 9, 951, 951
8, 6, 4, 846, 846
4, 2, 1, 241, 241
2, 6, 5, 625, 625
6, 7, 1, 761, 761
1, 3, 5, 513, 513
1, 4, 6, 416, 416
9, 1, 3, 391, 391
7, 6, 4, 746, 746
1, 7, 4, 417, 417
3, 9, 4, 439, 439
5, 8, 2, 258, 258
4, 3, 9, 493, 493
1, 3, 6, 631, 631
7, 7, 9, 977, 977
1, 8, 8, 881, 881
2, 4, 1, 412, 412
7, 4, 3, 734, 734
2, 2, 3, 322, 322
2, 9, 1, 129, 129
4, 9, 1, 194, 194
8, 3, 4, 348, 348
1, 8, 7, 871, 871
9, 1, 9, 991, 991
3, 1, 2, 231, 231
6, 6, 2, 266, 266
1, 3, 3, 313, 313
7, 6, 2, 726, 726
6, 8, 6, 668, 668
2, 7, 1, 721, 721
8, 6, 9, 968, 968
8, 9, 9, 998, 998
9, 3, 8, 398, 398
3, 6, 3, 336, 336
4, 3, 4, 443, 443
4, 9, 7, 794, 794
2, 1, 4, 412, 412
9, 2, 6, 962, 962
2, 3, 9, 923, 923
7, 1, 7, 771, 771
7, 3, 2, 273, 273
3, 6, 7, 376, 376
6, 5, 1, 165, 165
1, 4, 9, 914, 914
9, 1, 6, 619, 619
1, 5, 6, 516, 516
5, 7, 6, 756, 756
6, 5, 8, 685, 685
7, 9, 7, 779, 779
7, 9, 8, 978, 978
6, 7, 6, 766, 766
6, 9, 7, 769, 769
9, 6, 4, 496, 496
9, 7, 3, 379, 379
7, 3, 7, 377, 377
5, 3, 1, 315, 315
9, 1, 9, 199, 199
3, 7, 1, 713, 713
4, 9, 9, 994, 994
5, 7, 1, 517, 517
3, 8, 9, 893, 893
8, 2, 5, 258, 258
4, 1, 5, 514, 514
5, 8, 9, 895, 895
4, 4, 2, 244, 244
2, 9, 6, 962, 962
5, 2, 8, 285, 285
9, 3, 1, 913, 913
1, 1, 9, 911, 911
8, 4, 4, 484, 484
2, 3, 7, 723, 723
2, 4, 6, 642, 642
1, 3, 4, 431, 431
6, 7, 1, 761, 761
4, 6, 2, 624, 624
7, 3, 7, 773, 773
8, 9, 3, 389, 389
2, 7, 7, 727, 727
3, 1, 7, 173, 173
9, 8, 9, 998, 998
3, 4, 5, 435, 435
7, 7, 3, 377, 377
9, 3, 5, 953, 953
5, 2, 3, 352, 352
7, 5, 1, 175, 175
3, 3, 8, 383, 383
9, 7, 9, 997, 997
6, 9, 6, 966, 966
2, 4, 9, 429, 429
4, 8, 1, 814, 814
2, 6, 2, 622, 622
6, 3, 4, 436, 436
3, 6, 4, 463, 463
4, 5, 2, 254, 254
3, 6, 3, 633, 633
9, 6, 7, 679, 679
4, 4, 1, 414, 414
6, 8, 4, 648, 648
1, 3, 8, 813, 813
2, 5, 6, 625, 625
2, 1, 3, 231, 231
4, 1, 4, 441, 441
8, 7, 6, 768, 768
3, 2, 4, 432, 432
7, 3, 9, 937, 937
2, 8, 3, 832, 832
6, 6, 7, 766, 766
2, 5, 1, 152, 152
2, 1, 2, 122, 122
8, 5, 3, 538, 538
1, 7, 6, 671, 671
5, 5, 8, 585, 585
4, 3, 8, 384, 384
9, 6, 6, 696, 696
7, 8, 3, 873, 873
2, 6, 7, 627, 627
9, 7, 1, 791, 791
9, 8, 3, 893, 893
2, 5, 4, 452, 452
5, 8, 3, 385, 385
5, 4, 1, 154, 154
5, 7, 8, 857, 857
6, 9, 5, 659, 659
3, 4, 5, 435, 435
2, 6, 9, 926, 926
8, 3, 9, 398, 398
3, 9, 4, 943, 943
7, 3, 6, 376, 376
9, 3, 5, 953, 953
1, 3, 4, 413, 413
9, 5, 4, 549, 549
4, 7, 1, 741, 741
4, 9, 4, 944, 944
8, 7, 7, 787, 787
4, 2, 7, 724, 724
5, 4, 5, 455, 455
8, 4, 5, 584, 584
1, 6, 6, 616, 616
1, 8, 4, 481, 481
1, 5, 3, 351, 351
4, 9, 8, 984, 984
3, 7, 3, 337, 337
7, 5, 7, 577, 577
4, 3, 1, 413, 413
8, 9, 5, 958, 958
7, 6, 8, 876, 876
3, 8, 9, 893, 893
9, 6, 7, 697, 697
4, 4, 3, 344, 344
6, 2, 4, 264, 264
4, 2, 7, 472, 472
2, 2, 8, 822, 822
3, 3, 7, 373, 373
7, 7, 5, 577, 577
8, 4, 9, 948, 948
4, 5, 8, 548, 548
1, 1, 4, 141, 141
4, 7, 2, 742, 742
5, 2, 7, 725, 725
4, 3, 1, 341, 341
7, 9, 8, 897, 897
3, 5, 1, 513, 513
2, 6, 1, 126, 126
1, 5, 9, 591, 591
4, 4, 3, 434, 434
2, 9, 3, 239, 239
9, 3, 4, 439, 439
2, 9, 2, 229, 229
9, 9, 7, 979, 979
2, 9, 9, 992, 992
6, 3, 9, 936, 936
7, 7, 3, 377, 377
1, 8, 9, 918, 918
9, 3, 4, 349, 349
3, 7, 6, 763, 763
5, 6, 5, 655, 655
6, 5, 7, 675, 675
6, 7, 8, 768, 768
7, 8, 6, 876, 876
4, 8, 7, 874, 874
9, 4, 2, 294, 294
8, 1, 8, 188, 188
7, 8, 9, 897, 897
5, 4, 6, 645, 645
8, 1, 3, 183, 183
9, 8, 8, 889, 889
3, 6, 2, 236, 236
4, 6, 7, 746, 746
7, 8, 4, 874, 874
5, 6, 2, 256, 256
6, 4, 7, 467, 467
4, 3, 8, 483, 483
6, 4, 8, 864, 864
3, 8, 1, 813, 813
4, 9, 3, 439, 439
8, 1, 5, 518, 518
5, 8, 6, 568, 568
4, 5, 2, 524, 524
2, 9, 4, 249, 249
4, 3, 1, 413, 413
1, 6, 5, 156, 156
6, 4, 9, 946, 946
1, 3, 5, 531, 531
9, 1, 5, 591, 591
5, 8, 5, 855, 855
1, 6, 7, 617, 617
4, 9, 9, 949, 949
2, 3, 6, 362, 362
8, 9, 3, 983, 983
1, 3, 7, 317, 317
5, 8, 5, 558, 558
1, 3, 1, 113, 113
5, 7, 2, 752, 752
4, 3, 6, 346, 346
8, 4, 7, 874, 874
8, 5, 8, 588, 588
6, 6, 3, 636, 636
8, 9, 7, 789, 789
7, 6, 2, 672, 672
2, 1, 8, 182, 182
3, 7, 9, 793, 793
9, 7, 9, 799, 799
6, 3, 6, 663, 663
9, 7, 7, 779, 779
5, 1, 7, 157, 157
3, 9, 7, 379, 379
4, 5, 1, 541, 541
6, 9, 1, 169, 169
5, 7, 1, 715, 715
4, 1, 5, 541, 541
9, 8, 5, 958, 958
3, 8, 4, 483, 483
1, 5, 3, 531, 531
5, 4, 7, 745, 745
5, 2, 2, 252, 252
1, 9, 9, 919, 919
8, 8, 5, 858, 858
2, 5, 4, 425, 425
3, 1, 2, 123, 123
7, 9, 3, 937, 937
2, 9, 5, 925, 925
8, 4, 3, 384, 384
5, 3, 2, 235, 235
1, 9, 7, 917, 917
6, 9, 4, 649, 649
7, 3, 3, 337, 337
7, 4, 5, 547, 547
6, 2, 3, 362, 362
7, 6, 4, 467, 467
7, 9, 2, 297, 297
7, 6, 1, 716, 716
4, 8, 2, 284, 284
4, 9, 3, 439, 439
8, 5, 5, 585, 585
8, 3, 2, 823, 823
7, 3, 9, 793, 793
5, 4, 3, 435, 435
7, 8, 8, 887, 887
1, 3, 1, 113, 113
6, 3, 1, 136, 136
7, 9, 3, 379, 379
6, 5, 9, 596, 596
1, 6, 8, 618, 618
2, 8, 1, 812, 812
6, 1, 5, 516, 516
7, 8, 8, 878, 878
9, 1, 7, 197, 197
2, 7, 5, 752, 752
8, 4, 2, 824, 824
3, 2, 6, 632, 632
3, 3, 6, 363, 363
4, 1, 1, 114, 114
1, 8, 3, 318, 318
8, 8, 1, 818, 818
1, 6, 7, 761, 761
4, 5, 6, 645, 645
1, 3, 8, 183, 183
8, 7, 2, 728, 728
3, 6, 9, 396, 396
4, 8, 9, 849, 849
1, 4, 1, 114, 114
8, 1, 2, 281, 281
9, 3, 9, 993, 993
4, 1, 7, 471, 471
4, 9, 1, 914, 914
3, 7, 1, 731, 731
9, 3, 8, 398, 398
7, 7, 2, 727, 727
8, 3, 4, 483, 483
9, 3, 7, 793, 793
3, 9, 7, 739, 739
2, 2, 8, 282, 282
8, 5, 3, 358, 358
9, 4, 8, 894, 894
8, 5, 7, 587, 587
4, 3, 3, 334, 334
4, 1, 2, 124, 124
6, 5, 1, 516, 516
7, 1, 8, 187, 187
7, 1, 7, 771, 771
6, 1, 8, 816, 816
3, 1, 6, 613, 613
3, 9, 7, 793, 793
5, 6, 5, 655, 655
5, 7, 6, 567, 567
7, 8, 8, 887, 887
7, 2, 7, 772, 772
4, 9, 4, 944, 944
2, 4, 4, 442, 442
6, 2, 3, 326, 326
6, 2, 2, 226, 226
6, 1, 7, 671, 671
4, 9, 3, 943, 943
8, 7, 4, 784, 784
9, 9, 8, 989, 989
1, 1, 8, 181, 181
9, 5, 5, 595, 595
9, 2, 5, 952, 952
7, 5, 4, 475, 475
3, 9, 5, 953, 953
3, 3, 6, 633, 633
9, 2, 2, 292, 292
6, 5, 9, 596, 596
4, 4, 2, 244, 244
8, 1, 7, 871, 871
7, 7, 9, 977, 977
5, 3, 6, 635, 635
3, 9, 4, 493, 493
7, 3, 3, 337, 337
5, 6, 1, 165, 165
1, 5, 4, 145, 145
1, 8, 7, 781, 781
8, 3, 5, 538, 538
6, 2, 9, 269, 269
7, 8, 2, 827, 827
2, 1, 6, 126, 126
8, 2, 6, 862, 862
1, 4, 6, 461, 461
7, 2, 1, 127, 127
5, 9, 6, 956, 956
2, 2, 3, 322, 322
1, 9, 5, 915, 915
9, 2, 4, 429, 429
7, 5, 9, 795, 795
1, 6, 9, 691, 691
8, 2, 1, 128, 128
4, 6, 2, 426, 426
2, 1, 4, 241, 241
6, 1, 7, 167, 167
2, 4, 9, 492, 492
3, 9, 2, 329, 329
8, 4, 5, 548, 548
4, 5, 9, 945, 945
8, 1, 4, 148, 148
3, 3, 5, 353, 353
6, 9, 2, 269, 269
1, 2, 6, 216, 216
3, 1, 1, 113, 113
8, 9, 9, 998, 998
6, 7, 6, 766, 766
7, 4, 8, 478, 478
2, 3, 1, 123, 123
1, 4, 4, 441, 441
6, 6, 9, 696, 696
9, 6, 6, 696, 696
8, 2, 1, 812, 812
7, 9, 3, 379, 379
6, 3, 8, 863, 863
1, 9, 9, 991, 991
6, 4, 8, 684, 684
2, 6, 8, 628, 628
2, 2, 7, 272, 272
7, 8, 2, 728, 728
4, 4, 7, 744, 744
8, 6, 4, 684, 684
1, 4, 3, 134, 134
8, 2, 7, 728, 728
8, 5, 3, 835, 835
1, 2, 3, 213, 213
7, 3, 7, 377, 377
3, 2, 4, 423, 423
3, 6, 6, 636, 636
1, 4, 3, 413, 413
2, 4, 9, 294, 294
4, 2, 1, 124, 124
2, 4, 5, 542, 542
4, 1, 6, 146, 146
8, 4, 9, 948, 948
7, 5, 8, 587, 587
1, 6, 3, 631, 631
7, 2, 6, 267, 267
6, 8, 5, 586, 586
7, 8, 1, 178, 178
2, 4, 7, 427, 427
7, 4, 8, 874, 874
9, 1, 4, 149, 149
5, 3, 1, 135, 135
2, 7, 3, 327, 327
6, 3, 3, 363, 363
8, 4, 2, 824, 824
4, 7, 2, 742, 742
5, 7, 8, 758, 758
4, 9, 1, 194, 194
7, 7, 9, 977, 977
3, 2, 3, 332, 332
6, 4, 7, 476, 476
3, 7, 8, 783, 783
3, 7, 2, 327, 327
1, 4, 4, 441, 441
6, 4, 5, 456, 456
5, 1, 8, 815, 815
7, 5, 4, 574, 574
7, 6, 8, 678, 678
3, 4, 4, 443, 443
5, 5, 8, 585, 585
5, 9, 6, 569, 569
8, 4, 1, 481, 481
8, 7, 9, 987, 987
9, 8, 2, 928, 928
1, 8, 7, 871, 871
4, 2, 8, 248, 248
2, 6, 2, 226, 226
8, 6, 2, 826, 826
9, 9, 6, 969, 969
6, 4, 4, 446, 446
4, 6, 8, 846, 846
6, 7, 8, 786, 786
3, 6, 9, 936, 936
5, 7, 2, 257, 257
9, 1, 7, 719, 719
3, 7, 9, 739, 739
3, 9, 4, 934, 934
3, 1, 8, 813, 813
3, 8, 7, 738, 738
1, 3, 9, 319, 319
5, 2, 5, 552, 552
8, 7, 3, 378, 378
2, 5, 7, 527, 527
3, 5, 2, 532, 532
1, 8, 1, 811, 811
9, 1, 6, 169, 169
4, 4, 7, 474, 474
2, 6, 7, 726, 726
7, 7, 9, 977, 977
1, 7, 5, 517, 517
3, 8, 6, 683, 683
4, 7, 2, 724, 724
6, 1, 3, 316, 316
1, 3, 8, 183, 183
8, 4, 9, 489, 489
2, 5, 6, 265, 265
5, 5, 6, 565, 565
6, 2, 7, 726, 726
2, 8, 3, 382, 382
9, 3, 4, 439, 439
1, 2, 9, 912, 912
8, 9, 2, 298, 298
1, 7, 9, 917, 917
4, 1, 8, 481, 481
1, 8, 6, 816, 816
2, 6, 9, 296, 296
6, 6, 3, 636, 636
3, 5, 5, 553, 553
5, 2, 4, 452, 452
3, 4, 3, 433, 433
3, 9, 2, 239, 239
8, 1, 3, 138, 138
6, 1, 2, 126, 126
1, 5, 8, 185, 185
6, 5, 6, 566, 566
6, 9, 8, 689, 689
8, 4, 9, 489, 489
2, 7, 1, 217, 217
2, 7, 2, 227, 227
6, 6, 4, 466, 466
7, 9, 2, 972, 972
8, 1, 1, 181, 181
3, 5, 2, 235, 235
1, 9, 6, 169, 169
5, 5, 2, 255, 255
8, 6, 6, 668, 668
6, 7, 6, 766, 766
6, 9, 4, 649, 649
5, 4, 1, 154, 154
5, 3, 3, 335, 335
6, 2, 8, 268, 268
6, 3, 3, 336, 336
6, 3, 1, 316, 316
4, 3, 2, 423, 423
8, 2, 7, 728, 728
1, 5, 8, 185, 185
2, 1, 6, 162, 162
4, 6, 3, 634, 634
2, 3, 6, 632, 632
2, 9, 1, 192, 192
2, 3, 4, 432, 432
4, 9, 7, 749, 749
4, 7, 8, 784, 784
4, 8, 4, 844, 844
4, 1, 4, 144, 144
9, 8, 3, 938, 938
3, 4, 5, 435, 435
7, 4, 9, 974, 974
6, 4, 6, 664, 664
3, 6, 2, 263, 263
6, 8, 7, 867, 867
9, 1, 1, 119, 119
2, 7, 7, 727, 727
1, 6, 1, 611, 611
3, 7, 2, 327, 327
2, 6, 8, 826, 826
8, 5, 8, 588, 588
3, 6, 7, 637, 637
5, 7, 1, 517, 517
1, 6, 5, 651, 651
8, 9, 6, 986, 986
7, 4, 6, 647, 647
2, 2, 4, 422, 422
8, 9, 5, 958, 958
9, 5, 5, 595, 595
1, 9, 5, 591, 591
1, 8, 6, 618, 618
9, 3, 8, 983, 983
5, 9, 4, 459, 459
6, 6, 1, 166, 166
4, 6, 6, 664, 664
8, 2, 9, 982, 982
6, 6, 8, 686, 686
4, 3, 5, 543, 543
9, 1, 6, 961, 961
9, 7, 9, 799, 799
6, 9, 6, 669, 669
7, 9, 5, 579, 579
8, 3, 1, 183, 183
8, 6, 3, 386, 386
3, 9, 5, 593, 593
7, 5, 3, 357, 357
2, 1, 4, 142, 142
1, 3, 9, 391, 391
4, 1, 7, 471, 471
3, 9, 5, 935, 935
2, 7, 2, 722, 722
4, 7, 8, 847, 847
4, 1, 5, 145, 145
3, 1, 7, 731, 731
1, 6, 6, 616, 616
9, 8, 1, 189, 189
9, 6, 1, 619, 619
5, 5, 3, 355, 355
8, 6, 5, 856, 856
8, 3, 1, 138, 138
4, 9, 1, 149, 149
8, 6, 4, 648, 648
1, 1, 6, 611, 611
4, 6, 9, 964, 964
1, 6, 3, 136, 136
1, 7, 5, 751, 751
7, 8, 4, 748, 748
2, 7, 4, 472, 472
7, 2, 3, 732, 732
6, 2, 1, 612, 612
3, 8, 6, 683, 683
3, 2, 7, 273, 273
5, 9, 3, 359, 359
2, 1, 4, 421, 421
1, 4, 4, 441, 441
1, 2, 8, 218, 218
9, 8, 8, 889, 889
3, 4, 1, 431, 431
7, 3, 2, 327, 327
7, 6, 2, 627, 627
7, 9, 3, 973, 973
3, 2, 4, 243, 243
3, 1, 2, 123, 123
5, 4, 6, 456, 456
8, 4, 2, 284, 284
2, 1, 1, 121, 121
5, 3, 4, 354, 354
4, 7, 9, 749, 749
3, 2, 1, 123, 123
2, 4, 7, 472, 472
2, 9, 3, 932, 932
2, 1, 6, 612, 612
4, 2, 9, 942, 942
2, 5, 6, 562, 562
7, 2, 3, 372, 372
3, 9, 4, 493, 493
4, 7, 4, 744, 744
1, 4, 5, 154, 154
7, 4, 5, 574, 574
8, 2, 2, 282, 282
4, 2, 7, 472, 472
4, 1, 1, 141, 141
3, 3, 6, 633, 633
7, 7, 9, 977, 977
3, 6, 6, 663, 663
9, 1, 2, 291, 291
4, 9, 8, 894, 894
1, 4, 7, 471, 471
1, 7, 5, 157, 157
3, 4, 6, 436, 436
3, 8, 6, 836, 836
6, 5, 9, 695, 695
8, 5, 5, 558, 558
4, 7, 6, 647, 647
6, 5, 7, 576, 576
9, 8, 1, 189, 189
8, 5, 2, 285, 285
4, 2, 3, 234, 234
2, 8, 4, 824, 824
4, 3, 9, 943, 943
6, 1, 5, 651, 651
8, 6, 7, 876, 876
7, 1, 7, 177, 177
7, 2, 5, 572, 572
9, 3, 7, 379, 379
5, 6, 7, 675, 675
1, 4, 4, 414, 414
6, 1, 4, 416, 416
7, 8, 4, 847, 847
9, 6, 7, 796, 796
5, 2, 2, 252, 252
4, 8, 2, 824, 824
8, 6, 7, 768, 768
9, 2, 7, 729, 729
8, 4, 1, 148, 148
9, 5, 7, 597, 597
5, 5, 4, 545, 545
3, 3, 4, 343, 343
6, 5, 1, 615, 615
9, 3, 5, 953, 953
3, 4, 5, 435, 435
2, 4, 4, 424, 424
8, 3, 1, 138, 138
1, 2, 9, 921, 921
7, 5, 2, 275, 275
5, 2, 6, 652, 652
8, 7, 8, 887, 887
2, 7, 7, 727, 727
3, 3, 1, 133, 133
7, 8, 5, 587, 587
5, 7, 2, 752, 752
5, 6, 1, 651, 651
4, 1, 6, 461, 461
7, 1, 1, 171, 171
1, 7, 2, 271, 271
2, 2, 8, 822, 822
7, 2, 7, 772, 772
5, 8, 5, 558, 558
7, 4, 9, 947, 947
8, 4, 4, 448, 448
1, 5, 7, 517, 517
2, 8, 6, 682, 682
6, 4, 5, 546, 546
5, 1, 4, 541, 541
9, 6, 4, 649, 649
5, 2, 9, 259, 259
7, 8, 9, 978, 978
3, 6, 9, 639, 639
4, 1, 2, 124, 124
9, 8, 6, 689, 689
4, 1, 8, 814, 814
7, 2, 9, 972, 972
9, 2, 8, 892, 892
9, 7, 3, 937, 937
4, 2, 3, 243, 243
9, 8, 8, 889, 889
1, 9, 7, 917, 917
8, 6, 8, 886, 886
5, 7, 2, 257, 257
7, 6, 5, 756, 756
7, 4, 4, 447, 447
4, 8, 6, 684, 684
7, 6, 2, 726, 726
8, 1, 3, 831, 831
8, 6, 4, 486, 486
2, 8, 6, 826, 826
5, 7, 8, 587, 587
4, 9, 9, 994, 994
7, 3, 8, 873, 873
5, 9, 4, 954, 954
7, 6, 4, 647, 647
1, 8, 3, 813, 813
9, 6, 2, 692, 692
2, 1, 7, 721, 721
4, 4, 1, 144, 144
4, 9, 1, 194, 194
3, 1, 2, 123, 123
3, 1, 7, 731, 731
6, 8, 4, 864, 864
6, 6, 8, 686, 686
3, 3, 6, 363, 363
5, 9, 9, 995, 995
1, 8, 5, 518, 518
7, 6, 4, 647, 647
9, 8, 2, 298, 298
5, 1, 9, 195, 195
1, 8, 8, 818, 818
4, 1, 7, 174, 174
9, 7, 3, 793, 793
2, 2, 7, 272, 272
1, 7, 6, 761, 761
2, 5, 9, 295, 295
7, 1, 2, 721, 721
7, 6, 4, 476, 476
2, 7, 2, 227, 227
5, 8, 3, 538, 538
7, 7, 5, 577, 577
5, 8, 2, 825, 825
2, 6, 3, 623, 623
2, 7, 9, 792, 792
5, 8, 5, 558, 558
2, 2, 3, 232, 232
3, 1, 1, 131, 131
5, 4, 8, 854, 854
5, 1, 7, 571, 571
8, 1, 8, 881, 881
9, 2, 2, 292, 292
7, 6, 9, 976, 976
3, 8, 8, 838, 838
5, 5, 3, 355, 355
7, 3, 8, 873, 873
2, 5, 7, 527, 527
7, 6, 8, 687, 687
5, 9, 4, 945, 945
2, 5, 8, 825, 825
8, 4, 9, 498, 498
7, 2, 8, 287, 287
5, 2, 5, 552, 552
1, 9, 1, 119, 119
6, 3, 2, 236, 236
6, 3, 2, 263, 263
2, 2, 1, 122, 122
6, 3, 2, 623, 623
8, 5, 2, 582, 582
1, 4, 5, 541, 541
4, 7, 5, 547, 547
3, 6, 4, 643, 643
2, 6, 6, 662, 662
7, 1, 7, 177, 177
7, 6, 7, 677, 677
9, 2, 6, 296, 296
3, 7, 1, 173, 173
9, 1, 7, 971, 971
9, 9, 5, 959, 959
8, 7, 4, 847, 847
6, 8, 5, 865, 865
5, 4, 6, 456, 456
1, 4, 2, 214, 214
7, 2, 1, 217, 217
2, 5, 6, 625, 625
3, 4, 3, 433, 433
7, 4, 3, 473, 473
6, 7, 7, 776, 776
5, 4, 3, 435, 435
2, 3, 6, 632, 632
1, 3, 8, 318, 318
1, 3, 7, 731, 731
9, 2, 3, 239, 239
1, 8, 7, 718, 718
8, 2, 7, 728, 728
3, 3, 4, 343, 343
4, 3, 7, 743, 743
6, 4, 5, 465, 465
6, 8, 3, 386, 386
4, 9, 2, 942, 942
7, 6, 2, 276, 276
2, 7, 3, 237, 237
1, 3, 1, 113, 113
2, 1, 3, 312, 312
3, 9, 3, 339, 339
5, 1, 8, 185, 185
7, 4, 2, 472, 472
4, 1, 8, 148, 148
7, 2, 2, 227, 227
9, 1, 8, 891, 891
4, 1, 9, 194, 194
6, 3, 1, 163, 163
4, 9, 2, 294, 294
3, 9, 2, 932, 932
2, 7, 7, 727, 727
4, 5, 4, 544, 544
5, 8, 7, 857, 857
4, 1, 1, 114, 114
2, 6, 1, 126, 126
3, 1, 4, 341, 341
6, 9, 3, 369, 369
5, 6, 7, 675, 675
5, 3, 3, 353, 353
2, 1, 5, 152, 152
7, 3, 3, 373, 373
7, 4, 8, 784, 784
2, 8, 6, 862, 862
8, 5, 8, 885, 885
2, 5, 6, 562, 562
9, 6, 9, 996, 996
6, 4, 2, 462, 462
3, 7, 4, 347, 347
1, 4, 8, 841, 841
5, 3, 1, 315, 315
8, 8, 4, 848, 848
3, 2, 6, 623, 623
9, 2, 7, 297, 297
7, 2, 5, 527, 527
7, 2, 3, 372, 372
1, 6, 9, 916, 916
3, 6, 9, 963, 963
2, 9, 9, 992, 992
8, 7, 6, 678, 678
4, 6, 3, 436, 436
4, 9, 3, 439, 439
1, 7, 8, 781, 781
3, 1, 9, 913, 913
8, 9, 7, 978, 978
6, 9, 3, 963, 963
2, 3, 3, 332, 332
4, 9, 2, 924, 924
7, 3, 7, 773, 773
1, 4, 6, 614, 614
7, 2, 8, 827, 827
4, 8, 5, 854, 854
4, 8, 7, 847, 847
2, 9, 1, 912, 912
1, 7, 4, 417, 417
2, 5, 6, 265, 265
6, 8, 5, 856, 856
5, 1, 8, 185, 185
1, 3, 7, 731, 731
5, 5, 9, 595, 595
6, 7, 2, 726, 726
6, 5, 1, 165, 165
6, 2, 3, 362, 362
3, 6, 7, 673, 673
8, 9, 2, 298, 298
7, 9, 8, 879, 879
8, 4, 5, 854, 854
7, 1, 2, 172, 172
5, 3, 1, 135, 135
7, 2, 9, 297, 297
4, 5, 7, 745, 745
3, 6, 1, 631, 631
5, 5, 9, 595, 595
6, 7, 7, 767, 767
1, 9, 5, 915, 915
3, 6, 7, 673, 673
9, 6, 6, 696, 696
5, 8, 6, 568, 568
2, 6, 9, 692, 692
9, 7, 3, 937, 937
7, 4, 7, 477, 477
6, 3, 8, 368, 368
8, 2, 7, 782, 782
6, 8, 3, 638, 638
6, 4, 2, 264, 264
1, 6, 9, 961, 961
6, 5, 4, 465, 465
7, 5, 7, 577, 577
7, 2, 9, 927, 927
4, 7, 1, 417, 417
4, 5, 2, 254, 254
1, 7, 7, 771, 771
3, 7, 2, 237, 237
2, 1, 1, 121, 121
3, 6, 6, 663, 663
4, 7, 1, 417, 417
4, 5, 6, 465, 465
2, 3, 5, 253, 253
4, 6, 8, 648, 648
3, 8, 8, 838, 838
2, 8, 9, 298, 298
9, 1, 3, 139, 139
5, 9, 5, 955, 955
3, 2, 2, 232, 232
1, 6, 3, 613, 613
3, 8, 9, 893, 893
6, 6, 9, 966, 966
4, 7, 8, 847, 847
5, 2, 1, 251, 251
2, 8, 9, 928, 928
2, 9, 7, 927, 927
3, 2, 9, 239, 239
7, 1, 2, 721, 721
3, 5, 4, 534, 534
7, 9, 8, 978, 978
8, 5, 1, 158, 158
7, 2, 5, 257, 257
5, 4, 1, 145, 145
8, 9, 5, 598, 598
2, 7, 6, 672, 672
2, 8, 8, 828, 828
9, 9, 6, 969, 969
2, 2, 8, 822, 822
4, 9, 5, 945, 945
8, 4, 6, 684, 684
2, 4, 5, 425, 425
9, 5, 1, 159, 159
1, 5, 8, 518, 518
7, 4, 8, 784, 784
6, 4, 4, 446, 446
4, 9, 9, 949, 949
5, 1, 7, 571, 571
5, 5, 1, 155, 155
9, 1, 7, 719, 719
1, 4, 2, 241, 241
5, 9, 8, 859, 859
2, 8, 3, 832, 832
4, 5, 7, 754, 754
2, 4, 4, 424, 424
3, 9, 2, 923, 923
1, 6, 6, 661, 661
1, 5, 9, 915, 915
9, 7, 5, 795, 795
5, 5, 8, 855, 855
1, 1, 2, 121, 121
2, 8, 9, 829, 829
9, 7, 5, 579, 579
8, 1, 4, 481, 481
6, 3, 8, 836, 836
4, 8, 7, 784, 784
6, 7, 1, 617, 617
5, 1, 8, 185, 185
5, 6, 4, 645, 645
8, 2, 5, 582, 582
3, 1, 9, 193, 193
7, 4, 5, 574, 574
4, 9, 3, 394, 394
1, 4, 3, 431, 431
8, 5, 2, 825, 825
5, 2, 5, 255, 255
9, 4, 4, 449, 449
5, 4, 8, 854, 854
3, 6, 7, 763, 763
5, 4, 2, 452, 452
1, 3, 4, 314, 314
9, 1, 1, 191, 191
8, 9, 2, 829, 829
9, 6, 9, 699, 699
1, 6, 2, 612, 612
4, 4, 3, 344, 344
6, 5, 2, 562, 562
9, 5, 9, 995, 995
2, 3, 6, 632, 632
1, 7, 2, 721, 721
9, 7, 2, 927, 927
8, 6, 2, 682, 682
6, 2, 7, 726, 726
1, 9, 1, 911, 911
3, 5, 7, 735, 735
3, 5, 8, 835, 835
6, 2, 4, 264, 264
2, 8, 7, 872, 872
2, 5, 7, 275, 275
6, 2, 4, 642, 642
5, 5, 6, 655, 655
1, 8, 8, 818, 818
1, 4, 6, 164, 164
9, 9, 8, 989, 989
3, 6, 6, 636, 636
5, 6, 3, 536, 536
9, 8, 9, 998, 998
7, 1, 4, 471, 471
8, 4, 3, 384, 384
1, 2, 6, 261, 261
3, 5, 6, 653, 653
1, 9, 5, 951, 951
8, 7, 8, 887, 887
9, 2, 3, 239, 239
8, 3, 7, 378, 378
1, 7, 2, 217, 217
2, 1, 2, 221, 221
9, 8, 1, 891, 891
9, 6, 9, 699, 699
4, 8, 1, 148, 148
9, 5, 6, 695, 695
1, 3, 2, 321, 321
8, 4, 3, 348, 348
2, 1, 2, 122, 122
2, 4, 8, 428, 428
1, 3, 9, 391, 391
7, 5, 4, 745, 745
5, 7, 8, 587, 587
5, 6, 2, 526, 526
8, 5, 3, 583, 583
3, 5, 2, 253, 253
7, 8, 7, 877, 877
2, 4, 6, 264, 264
3, 4, 6, 364, 364
6, 4, 3, 436, 436
6, 7, 2, 267, 267
3, 1, 1, 113, 113
8, 8, 5, 588, 588
6, 4, 8, 486, 486
2, 1, 7, 721, 721
9, 8, 5, 589, 589
2, 7, 1, 127, 127
4, 7, 1, 741, 741
4, 5, 2, 254, 254
5, 8, 1, 815, 815
4, 6, 3, 364, 364
7, 5, 2, 257, 257
1, 7, 7, 771, 771
8, 6, 5, 586, 586
3, 2, 9, 392, 392
1, 5, 7, 517, 517
2, 6, 7, 672, 672
7, 2, 4, 742, 742
1, 3, 3, 313, 313
1, 9, 1, 119, 119
8, 8, 2, 828, 828
4, 3, 5, 534, 534
4, 7, 4, 447, 447
5, 1, 6, 615, 615
1, 6, 9, 916, 916
2, 6, 7, 726, 726
1, 4, 4, 441, 441
5, 8, 3, 358, 358
4, 1, 5, 514, 514
7, 9, 8, 879, 879
6, 5, 8, 856, 856
5, 4, 6, 645, 645
9, 2, 3, 932, 932
4, 6, 7, 746, 746
1, 8, 5, 815, 815
6, 9, 9, 996, 996
8, 1, 4, 418, 418
1, 5, 8, 518, 518
2, 1, 5, 521, 521
1, 4, 7, 417, 417
1, 5, 8, 815, 815
3, 5, 2, 325, 325
3, 9, 9, 993, 993
8, 9, 9, 989, 989
6, 2, 8, 286, 286
3, 4, 5, 453, 453
6, 9, 5, 965, 965
6, 7, 3, 763, 763
4, 7, 7, 747, 747
2, 4, 2, 224, 224
4, 8, 9, 849, 849
9, 1, 7, 719, 719
1, 2, 9, 921, 921
9, 2, 2, 292, 292
9, 2, 2, 292, 292
3, 9, 5, 539, 539
6, 6, 3, 366, 366
9, 8, 6, 698, 698
4, 8, 3, 843, 843
6, 5, 2, 265, 265
8, 1, 1, 181, 181
8, 4, 5, 548, 548
5, 8, 7, 785, 785
3, 9, 4, 934, 934
4, 8, 4, 844, 844
4, 6, 6, 646, 646
6, 5, 2, 265, 265
1, 1, 9, 911, 911
6, 3, 8, 368, 368
4, 8, 5, 845, 845
1, 1, 5, 511, 511
3, 2, 8, 382, 382
4, 8, 8, 848, 848
3, 8, 2, 823, 823
7, 5, 9, 597, 597
5, 4, 8, 485, 485
8, 8, 1, 818, 818
2, 5, 9, 952, 952
5, 3, 7, 357, 357
5, 7, 2, 725, 725
2, 3, 4, 324, 324
9, 2, 1, 129, 129
2, 1, 1, 121, 121
1, 5, 5, 551, 551
7, 9, 9, 979, 979
6, 4, 2, 624, 624
2, 3, 9, 923, 923
4, 2, 3, 234, 234
4, 3, 5, 534, 534
6, 6, 8, 686, 686
1, 3, 5, 315, 315
3, 3, 9, 933, 933
4, 1, 8, 184, 184
4, 2, 1, 241, 241
1, 8, 4, 481, 481
3, 9, 6, 693, 693
2, 6, 3, 362, 362
2, 4, 5, 524, 524
6, 8, 5, 658, 658
3, 6, 3, 336, 336
4, 6, 1, 164, 164
7, 8, 5, 758, 758
9, 1, 3, 319, 319
5, 5, 4, 545, 545
5, 8, 8, 858, 858
2, 5, 9, 295, 295
6, 8, 7, 786, 786
7, 2, 1, 127, 127
6, 6, 1, 616, 616
3, 4, 4, 443, 443
8, 4, 5, 584, 584
4, 2, 8, 284, 284
1, 1, 9, 191, 191
5, 2, 2, 225, 225
9, 9, 2, 929, 929
8, 3, 3, 383, 383
2, 4, 7, 274, 274
1, 5, 5, 551, 551
4, 8, 8, 848, 848
4, 7, 9, 974, 974
2, 5, 9, 295, 295
1, 2, 9, 291, 291
5, 4, 5, 554, 554
1, 3, 3, 331, 331
9, 2, 7, 792, 792
5, 7, 1, 157, 157
9, 6, 9, 996, 996
2, 2, 7, 722, 722
3, 3, 6, 633, 633
4, 5, 8, 485, 485
6, 3, 6, 663, 663
9, 3, 1, 391, 391
1, 9, 9, 919, 919
4, 3, 7, 374, 374
6, 1, 7, 761, 761
7, 9, 5, 975, 975
8, 4, 8, 884, 884
7, 4, 7, 477, 477
8, 8, 6, 868, 868
9, 1, 4, 419, 419
3, 2, 2, 232, 232
2, 2, 1, 212, 212
9, 6, 9, 699, 699
1, 2, 3, 321, 321
4, 7, 7, 747, 747
9, 1, 4, 491, 491
8, 8, 3, 388, 388
1, 7, 8, 781, 781
4, 5, 5, 554, 554
8, 8, 9, 988, 988
9, 1, 2, 291, 291
4, 5, 8, 584, 584
2, 8, 5, 852, 852
3, 6, 2, 623, 623
6, 9, 3, 639, 639
6, 1, 8, 186, 186
6, 4, 3, 463, 463
3, 8, 1, 138, 138
8, 3, 1, 318, 318
2, 2, 6, 622, 622
1, 7, 7, 771, 771
5, 8, 5, 558, 558
4, 1, 9, 941, 941
1, 4, 7, 471, 471
3, 8, 5, 835, 835
9, 1, 3, 319, 319
4, 4, 1, 144, 144
8, 8, 7, 878, 878
7, 9, 9, 979, 979
7, 9, 9, 979, 979
7, 7, 4, 747, 747
2, 5, 9, 295, 295
3, 8, 1, 813, 813
9, 3, 6, 639, 639
5, 8, 7, 758, 758
3, 4, 7, 743, 743
1, 4, 6, 164, 164
8, 2, 7, 278, 278
6, 3, 8, 386, 386
9, 3, 8, 893, 893
5, 5, 8, 585, 585
7, 6, 1, 617, 617
8, 5, 1, 815, 815
5, 1, 1, 151, 151
5, 1, 2, 152, 152
7, 6, 3, 673, 673
1, 3, 7, 317, 317
6, 3, 9, 396, 396
6, 3, 4, 436, 436
7, 6, 5, 756, 756
5, 8, 9, 985, 985
3, 2, 7, 372, 372
2, 9, 7, 792, 792
5, 4, 3, 453, 453
9, 5, 4, 495, 495
3, 5, 4, 534, 534
8, 7, 5, 857, 857
3, 9, 5, 953, 953
9, 8, 4, 849, 849
6, 1, 8, 681, 681
1, 8, 9, 198, 198
7, 3, 5, 375, 375
4, 5, 5, 545, 545
5, 8, 1, 815, 815
1, 4, 8, 481, 481
3, 7, 1, 731, 731
7, 2, 5, 275, 275
9, 4, 7, 974, 974
5, 4, 1, 415, 415
3, 4, 9, 493, 493
1, 3, 2, 312, 312
2, 4, 9, 924, 924
3, 4, 1, 413, 413
5, 8, 2, 285, 285
8, 4, 1, 418, 418
9, 1, 1, 191, 191
6, 1, 2, 261, 261
3, 3, 4, 433, 433
7, 8, 6, 687, 687
1, 7, 1, 711, 711
8, 5, 7, 785, 785
6, 6, 1, 166, 166
8, 1, 6, 681, 681
6, 3, 2, 362, 362
8, 7, 5, 857, 857
9, 2, 7, 729, 729
6, 4, 5, 654, 654
8, 7, 8, 887, 887
1, 5, 2, 521, 521
6, 9, 2, 269, 269
8, 4, 7, 748, 748
8, 4, 5, 485, 485
5, 1, 9, 951, 951
5, 9, 8, 985, 985
9, 2, 7, 972, 972
9, 7, 9, 997, 997
9, 7, 5, 957, 957
8, 9, 5, 958, 958
1, 2, 3, 312, 312
2, 5, 2, 225, 225
4, 7, 1, 174, 174
5, 9, 7, 579, 579
1, 3, 9, 391, 391
4, 8, 4, 448, 448
4, 8, 1, 418, 418
6, 3, 1, 136, 136
7, 2, 7, 772, 772
5, 2, 1, 215, 215
8, 5, 2, 285, 285
4, 7, 4, 744, 744
1, 7, 6, 671, 671
9, 7, 6, 967, 967
2, 2, 4, 422, 422
5, 4, 6, 564, 564
1, 6, 9, 619, 619
4, 9, 5, 954, 954
5, 8, 9, 985, 985
3, 5, 6, 536, 536
5, 3, 2, 523, 523
5, 4, 1, 514, 514
6, 7, 2, 267, 267
7, 4, 9, 947, 947
8, 2, 6, 862, 862
1, 8, 5, 851, 851
4, 3, 3, 334, 334
5, 6, 6, 665, 665
9, 1, 9, 991, 991
3, 3, 7, 373, 373
7, 2, 9, 972, 972
4, 3, 7, 743, 743
3, 4, 4, 434, 434
2, 6, 1, 621, 621
1, 4, 5, 415, 415
3, 7, 8, 837, 837
2, 3, 3, 332, 332
7, 8, 4, 478, 478
9, 9, 5, 959, 959
9, 6, 5, 596, 596
2, 1, 4, 124, 124
2, 9, 9, 992, 992
8, 6, 9, 689, 689
2, 1, 4, 241, 241
5, 8, 5, 855, 855
6, 1, 8, 168, 168
8, 7, 6, 786, 786
7, 9, 1, 197, 197
3, 7, 5, 735, 735
6, 2, 9, 296, 296
1, 7, 1, 117, 117
3, 3, 4, 343, 343
8, 8, 3, 838, 838
3, 3, 5, 353, 353
4, 4, 3, 344, 344
7, 4, 3, 374, 374
5, 3, 8, 358, 358
1, 5, 4, 451, 451
6, 2, 8, 682, 682
2, 2, 4, 422, 422
5, 2, 8, 852, 852
9, 7, 6, 697, 697
4, 3, 2, 423, 423
1, 6, 8, 816, 816
5, 6, 2, 256, 256
9, 1, 9, 199, 199
5, 1, 9, 195, 195
9, 3, 1, 139, 139
3, 8, 4, 834, 834
3, 4, 2, 432, 432
5, 3, 4, 354, 354
6, 7, 2, 267, 267
1, 3, 5, 531, 531
6, 7, 4, 746, 746
1, 9, 9, 919, 919
6, 8, 2, 862, 862
5, 6, 2, 526, 526
1, 5, 9, 519, 519
3, 7, 6, 763, 763
3, 2, 4, 243, 243
4, 6, 9, 964, 964
1, 8, 8, 818, 818
6, 8, 7, 786, 786
8, 5, 7, 785, 785
1, 8, 4, 841, 841
6, 4, 9, 469, 469
6, 3, 5, 356, 356
4, 7, 9, 974, 974
4, 5, 6, 645, 645
9, 4, 7, 974, 974
4, 8, 7, 847, 847
6, 1, 3, 631, 631
8, 7, 5, 785, 785
6, 7, 3, 763, 763
3, 8, 8, 883, 883
6, 6, 8, 686, 686
4, 6, 8, 486, 486
1, 8, 9, 819, 819
6, 4, 7, 467, 467
5, 5, 1, 515, 515
3, 2, 6, 362, 362
7, 4, 1, 471, 471
1, 6, 3, 631, 631
4, 1, 4, 441, 441
4, 4, 6, 644, 644
6, 1, 3, 631, 631
6, 2, 3, 362, 362
9, 6, 6, 696, 696
5, 3, 9, 953, 953
7, 2, 7, 277, 277
2, 4, 9, 492, 492
1, 6, 7, 761, 761
3, 4, 5, 534, 534
9, 7, 2, 927, 927
3, 3, 8, 383, 383
8, 8, 2, 828, 828
6, 3, 4, 346, 346
2, 3, 4, 324, 324
4, 4, 2, 244, 244
5, 3, 9, 395, 395
2, 9, 5, 259, 259
3, 4, 5, 435, 435
2, 2, 9, 292, 292
1, 2, 6, 621, 621
1, 5, 9, 915, 915
7, 7, 5, 577, 577
4, 1, 7, 147, 147
2, 2, 7, 272, 272
6, 4, 2, 624, 624
4, 3, 4, 344, 344
4, 6, 8, 846, 846
3, 5, 2, 523, 523
7, 4, 1, 714, 714
1, 8, 9, 981, 981
9, 8, 4, 498, 498
8, 3, 2, 823, 823
5, 3, 9, 953, 953
8, 1, 2, 281, 281
4, 1, 1, 114, 114
3, 1, 7, 731, 731
8, 7, 7, 787, 787
8, 4, 7, 874, 874
8, 7, 4, 478, 478
8, 3, 7, 783, 783
4, 6, 3, 346, 346
7, 5, 3, 375, 375
7, 1, 2, 217, 217
8, 3, 3, 383, 383
6, 9, 9, 996, 996
6, 2, 6, 662, 662
4, 2, 9, 492, 492
8, 1, 7, 187, 187
9, 8, 2, 928, 928
4, 3, 2, 423, 423
7, 8, 7, 778, 778
1, 3, 6, 163, 163
4, 9, 2, 942, 942
4, 1, 1, 114, 114
9, 8, 6, 869, 869
9, 9, 5, 959, 959
9, 2, 2, 229, 229
9, 4, 3, 349, 349
2, 1, 8, 821, 821
1, 5, 5, 515, 515
5, 7, 8, 758, 758
8, 8, 7, 788, 788
6, 3, 2, 623, 623
2, 6, 9, 962, 962
5, 6, 4, 456, 456
3, 5, 8, 385, 385
2, 3, 8, 328, 328
2, 7, 6, 762, 762
4, 4, 8, 844, 844
1, 4, 1, 411, 411
9, 3, 8, 983, 983
4, 5, 7, 574, 574
9, 3, 3, 393, 393
2, 3, 8, 832, 832
1, 6, 7, 716, 716
6, 4, 5, 654, 654
4, 7, 7, 774, 774
4, 5, 6, 546, 546
7, 1, 9, 197, 197
5, 3, 4, 453, 453
5, 9, 6, 659, 659
4, 4, 3, 434, 434
3, 3, 5, 353, 353
6, 9, 6, 669, 669
7, 9, 3, 973, 973
7, 2, 1, 217, 217
3, 6, 9, 396, 396
6, 9, 7, 796, 796
5, 6, 5, 655, 655
9, 4, 4, 449, 449
4, 9, 9, 949, 949
8, 6, 1, 681, 681
4, 3, 1, 143, 143
2, 1, 4, 412, 412
9, 2, 6, 962, 962
2, 3, 3, 332, 332
9, 1, 6, 691, 691
8, 6, 8, 886, 886
1, 4, 8, 418, 418
5, 2, 8, 258, 258
8, 2, 2, 228, 228
6, 3, 4, 346, 346
8, 4, 7, 478, 478
1, 6, 2, 216, 216
5, 2, 6, 652, 652
4, 7, 3, 734, 734
1, 9, 6, 169, 169
8, 5, 4, 845, 845
7, 4, 3, 734, 734
4, 4, 8, 844, 844
6, 9, 9, 969, 969
4, 4, 6, 644, 644
7, 4, 3, 374, 374
2, 3, 4, 342, 342
9, 8, 3, 398, 398
6, 8, 8, 886, 886
8, 1, 8, 881, 881
3, 3, 6, 633, 633
5, 6, 7, 576, 576
1, 8, 4, 481, 481
5, 2, 8, 258, 258
2, 2, 8, 282, 282
6, 1, 2, 126, 126
9, 3, 1, 391, 391
2, 4, 3, 342, 342
7, 7, 6, 677, 677
2, 4, 9, 924, 924
5, 4, 3, 435, 435
7, 9, 6, 967, 967
8, 4, 7, 874, 874
9, 4, 9, 994, 994
1, 4, 6, 641, 641
8, 5, 3, 835, 835
8, 4, 1, 814, 814
9, 3, 3, 393, 393
4, 9, 3, 439, 439
4, 5, 6, 645, 645
8, 2, 2, 282, 282
3, 1, 6, 361, 361
6, 9, 9, 969, 969
6, 1, 9, 691, 691
1, 5, 4, 451, 451
6, 5, 7, 567, 567
7, 2, 8, 827, 827
1, 2, 4, 214, 214
9, 2, 2, 229, 229
7, 8, 6, 678, 678
9, 3, 6, 639, 639
1, 1, 4, 141, 141
6, 9, 9, 969, 969
8, 3, 6, 683, 683
8, 6, 7, 687, 687
9, 2, 3, 293, 293
5, 4, 8, 845, 845
3, 6, 4, 643, 643
4, 7, 4, 447, 447
8, 7, 6, 768, 768
5, 9, 8, 985, 985
3, 6, 8, 638, 638
1, 8, 3, 318, 318
5, 6, 1, 156, 156
1, 7, 5, 751, 751
8, 7, 1, 718, 718
5, 6, 4, 546, 546
9, 3, 5, 953, 953
7, 9, 8, 987, 987
5, 1, 6, 165, 165
1, 9, 7, 719, 719
7, 6, 8, 786, 786
7, 4, 2, 274, 274
2, 1, 7, 271, 271
6, 4, 6, 664, 664
2, 7, 6, 762, 762
7, 7, 6, 767, 767
7, 4, 3, 437, 437
7, 4, 1, 714, 714
9, 2, 4, 942, 942
6, 3, 6, 366, 366
2, 4, 9, 429, 429
7, 1, 6, 671, 671
6, 4, 6, 466, 466
7, 8, 8, 887, 887
2, 5, 8, 825, 825
7, 5, 8, 578, 578
2, 9, 2, 229, 229
3, 6, 2, 263, 263
9, 2, 8, 298, 298
4, 6, 5, 645, 645
6, 2, 5, 256, 256
2, 9, 3, 329, 329
3, 2, 3, 233, 233
8, 9, 6, 869, 869
9, 1, 8, 189, 189
3, 3, 4, 433, 433
4, 6, 1, 164, 164
2, 6, 4, 642, 642
6, 2, 1, 612, 612
1, 9, 8, 918, 918
4, 8, 7, 784, 784
7, 6, 8, 867, 867
8, 5, 4, 458, 458
8, 8, 6, 868, 868
4, 9, 8, 948, 948
5, 1, 2, 215, 215
7, 6, 5, 576, 576
4, 6, 8, 846, 846
3, 9, 5, 935, 935
9, 1, 3, 193, 193
5, 6, 5, 556, 556
1, 7, 5, 157, 157
2, 4, 9, 942, 942
7, 7, 3, 377, 377
3, 4, 9, 439, 439
9, 8, 9, 899, 899
2, 8, 7, 782, 782
1, 3, 9, 913, 913
1, 3, 6, 361, 361
5, 4, 1, 154, 154
1, 9, 7, 917, 917
3, 9, 9, 993, 993
1, 8, 7, 781, 781
2, 3, 3, 323, 323
6, 7, 2, 762, 762
1, 9, 9, 919, 919
8, 2, 8, 882, 882
7, 7, 5, 757, 757
3, 2, 1, 312, 312
8, 2, 9, 298, 298
7, 8, 3, 873, 873
4, 7, 2, 247, 247
7, 5, 9, 957, 957
5, 7, 3, 735, 735
2, 1, 1, 121, 121
4, 2, 5, 542, 542
5, 3, 9, 593, 593
6, 2, 2, 262, 262
9, 2, 6, 269, 269
8, 7, 8, 788, 788
7, 9, 7, 977, 977
3, 7, 9, 937, 937
8, 3, 5, 583, 583
9, 4, 4, 494, 494
9, 2, 5, 259, 259
3, 9, 9, 993, 993
3, 7, 3, 337, 337
2, 5, 1, 521, 521
8, 7, 7, 787, 787
4, 3, 9, 349, 349
4, 4, 2, 424, 424
4, 8, 3, 384, 384
9, 4, 5, 549, 549
1, 5, 3, 315, 315
5, 6, 6, 656, 656
7, 8, 2, 287, 287
7, 8, 9, 897, 897
9, 6, 8, 896, 896
7, 6, 4, 467, 467
4, 7, 2, 742, 742
5, 4, 9, 945, 945
4, 1, 3, 341, 341
3, 6, 7, 763, 763
8, 3, 6, 638, 638
9, 6, 5, 569, 569
9, 2, 5, 592, 592
4, 5, 3, 354, 354
3, 2, 7, 237, 237
6, 8, 2, 862, 862
1, 3, 5, 513, 513
6, 7, 1, 617, 617
5, 6, 9, 596, 596
7, 2, 8, 287, 287
2, 5, 8, 825, 825
5, 2, 2, 252, 252
7, 5, 2, 275, 275
1, 8, 9, 981, 981
4, 3, 8, 384, 384
8, 1, 9, 918, 918
6, 8, 8, 868, 868
1, 9, 9, 919, 919
1, 5, 4, 415, 415
3, 9, 8, 983, 983
1, 7, 9, 917, 917
8, 5, 1, 185, 185
4, 9, 8, 894, 894
3, 5, 4, 534, 534
1, 8, 6, 168, 168
9, 4, 9, 994, 994
1, 9, 1, 119, 119
9, 9, 6, 699, 699
4, 1, 1, 114, 114
1, 4, 8, 418, 418
2, 9, 1, 129, 129
8, 3, 4, 438, 438
3, 8, 9, 983, 983
6, 3, 1, 361, 361
9, 2, 9, 992, 992
1, 9, 4, 941, 941
9, 6, 6, 669, 669
6, 4, 4, 446, 446
2, 1, 6, 621, 621
1, 9, 6, 916, 916
8, 5, 3, 385, 385
1, 9, 9, 919, 919
3, 5, 1, 531, 531
4, 4, 8, 484, 484
2, 5, 5, 525, 525
3, 2, 9, 932, 932
7, 4, 2, 724, 724
4, 4, 1, 144, 144
2, 8, 9, 982, 982
1, 2, 1, 211, 211
7, 3, 9, 973, 973
1, 4, 6, 461, 461
5, 3, 4, 345, 345
1, 1, 5, 151, 151
1, 1, 4, 411, 411
1, 1, 7, 711, 711
8, 6, 6, 668, 668
2, 6, 3, 632, 632
8, 3, 5, 385, 385
4, 8, 3, 834, 834
2, 8, 3, 832, 832
2, 9, 8, 289, 289
9, 8, 5, 598, 598
7, 6, 2, 726, 726
5, 2, 8, 582, 582
3, 8, 8, 883, 883
9, 6, 9, 699, 699
2, 8, 1, 821, 821
3, 8, 4, 438, 438
9, 9, 7, 979, 979
9, 2, 7, 729, 729
3, 5, 2, 532, 532
7, 8, 5, 758, 758
8, 3, 7, 783, 783
9, 5, 8, 859, 859
4, 4, 9, 494, 494
6, 4, 1, 461, 461
5, 8, 9, 895, 895
8, 6, 7, 768, 768
3, 5, 7, 375, 375
4, 5, 2, 542, 542
8, 3, 5, 538, 538
6, 5, 3, 356, 356
3, 5, 9, 953, 953
5, 8, 8, 885, 885
3, 5, 4, 453, 453
2, 8, 1, 812, 812
5, 3, 1, 513, 513
8, 2, 6, 286, 286
4, 7, 4, 744, 744
5, 1, 3, 135, 135
3, 7, 5, 537, 537
4, 8, 1, 841, 841
9, 5, 2, 295, 295
4, 7, 8, 847, 847
8, 4, 9, 498, 498
5, 9, 7, 795, 795
1, 4, 5, 154, 154
3, 1, 5, 531, 531
7, 2, 7, 277, 277
5, 9, 4, 945, 945
7, 2, 9, 927, 927
9, 6, 8, 869, 869
6, 9, 4, 649, 649
2, 6, 3, 362, 362
2, 2, 5, 522, 522
8, 7, 1, 718, 718
1, 7, 4, 417, 417
8, 5, 2, 825, 825
3, 4, 9, 493, 493
1, 7, 6, 671, 671
8, 4, 1, 814, 814
2, 6, 3, 326, 326
8, 5, 4, 485, 485
4, 4, 6, 464, 464
8, 3, 7, 738, 738
2, 8, 3, 832, 832
9, 9, 2, 299, 299
8, 2, 2, 282, 282
2, 6, 8, 628, 628
5, 9, 5, 955, 955
3, 6, 8, 863, 863
4, 1, 7, 174, 174
4, 4, 8, 484, 484
9, 2, 9, 992, 992
7, 4, 5, 547, 547
2, 3, 3, 332, 332
7, 6, 2, 627, 627
3, 6, 3, 633, 633
1, 3, 6, 316, 316
7, 9, 3, 937, 937
5, 4, 6, 564, 564
1, 1, 7, 711, 711
5, 1, 6, 561, 561
6, 8, 5, 586, 586
3, 3, 7, 373, 373
8, 1, 3, 831, 831
3, 2, 7, 273, 273
7, 4, 1, 714, 714
7, 5, 8, 785, 785
9, 6, 9, 699, 699
6, 7, 5, 567, 567
9, 5, 7, 795, 795
7, 8, 4, 847, 847
8, 4, 7, 874, 874
6, 3, 9, 963, 963
7, 2, 8, 827, 827
5, 8, 8, 885, 885
5, 4, 2, 254, 254
4, 7, 4, 447, 447
7, 6, 1, 671, 671
4, 1, 7, 174, 174
6, 2, 7, 267, 267
2, 9, 2, 229, 229
2, 6, 7, 726, 726
1, 3, 8, 183, 183
5, 4, 3, 435, 435
9, 9, 7, 799, 799
1, 6, 2, 261, 261
1, 7, 3, 713, 713
9, 9, 2, 299, 299
1, 4, 8, 841, 841
8, 2, 6, 268, 268
6, 9, 2, 926, 926
5, 7, 8, 857, 857
9, 8, 4, 849, 849
4, 1, 5, 451, 451
5, 3, 9, 359, 359
6, 1, 2, 216, 216
1, 4, 6, 641, 641
3, 4, 4, 443, 443
3, 2, 9, 239, 239
3, 8, 5, 538, 538
1, 1, 4, 141, 141
3, 3, 6, 363, 363
3, 1, 9, 139, 139
6, 8, 2, 286, 286
5, 3, 4, 435, 435
1, 9, 4, 491, 491
1, 2, 2, 221, 221
5, 6, 7, 576, 576
9, 4, 5, 495, 495
1, 9, 3, 139, 139
4, 3, 2, 342, 342
1, 9, 1, 911, 911
6, 3, 1, 613, 613
8, 9, 3, 938, 938
2, 3, 7, 723, 723
5, 2, 5, 255, 255
2, 2, 3, 322, 322
9, 5, 1, 519, 519
2, 6, 1, 126, 126
4, 4, 7, 744, 744
8, 3, 2, 382, 382
7, 6, 9, 697, 697
7, 4, 7, 774, 774
2, 4, 7, 742, 742
7, 8, 3, 378, 378
7, 7, 3, 737, 737
9, 8, 2, 289, 289
5, 7, 8, 785, 785
6, 9, 8, 689, 689
6, 3, 7, 763, 763
5, 1, 5, 551, 551
1, 3, 9, 319, 319
5, 6, 5, 655, 655
2, 4, 9, 294, 294
5, 5, 9, 955, 955
5, 3, 6, 365, 365
3, 1, 2, 231, 231
7, 1, 1, 171, 171
8, 8, 3, 388, 388
7, 4, 7, 774, 774
1, 6, 8, 861, 861
9, 9, 6, 969, 969
2, 9, 5, 952, 952
3, 1, 3, 133, 133
1, 4, 2, 241, 241
5, 9, 1, 951, 951
9, 2, 4, 249, 249
7, 3, 7, 773, 773
9, 1, 6, 169, 169
5, 2, 5, 255, 255
7, 1, 5, 571, 571
6, 2, 6, 266, 266
9, 4, 6, 694, 694
6, 1, 2, 621, 621
2, 5, 1, 521, 521
2, 2, 8, 822, 822
5, 3, 5, 355, 355
6, 1, 2, 216, 216
2, 7, 8, 728, 728
6, 5, 3, 563, 563
4, 5, 2, 245, 245
2, 8, 1, 218, 218
3, 3, 2, 323, 323
3, 8, 9, 983, 983
3, 6, 8, 638, 638
1, 8, 2, 821, 821
2, 3, 8, 832, 832
4, 9, 4, 449, 449
9, 7, 4, 794, 794
4, 8, 4, 448, 448
7, 9, 9, 979, 979
9, 1, 5, 951, 951
1, 6, 3, 361, 361
8, 6, 1, 681, 681
3, 5, 1, 153, 153
1, 3, 4, 314, 314
1, 5, 6, 615, 615
8, 7, 6, 687, 687
5, 2, 2, 225, 225
1, 5, 8, 185, 185
2, 9, 9, 992, 992
1, 1, 2, 211, 211
1, 9, 9, 919, 919
5, 5, 2, 255, 255
6, 8, 3, 386, 386
1, 1, 7, 171, 171
7, 7, 2, 727, 727
3, 1, 9, 913, 913
1, 2, 4, 421, 421
8, 6, 5, 856, 856
2, 7, 2, 227, 227
7, 8, 4, 847, 847
9, 1, 4, 491, 491
2, 5, 5, 525, 525
1, 9, 5, 591, 591
4, 2, 1, 142, 142
7, 3, 8, 387, 387
4, 2, 3, 342, 342
4, 6, 2, 624, 624
3, 5, 6, 635, 635
4, 2, 4, 244, 244
7, 5, 8, 875, 875
3, 6, 8, 683, 683
9, 6, 1, 619, 619
4, 2, 4, 442, 442
2, 6, 4, 246, 246
7, 9, 6, 679, 679
9, 4, 2, 429, 429
4, 7, 8, 784, 784
4, 9, 5, 594, 594
6, 8, 5, 856, 856
6, 4, 3, 346, 346
7, 1, 2, 172, 172
5, 6, 9, 965, 965
3, 9, 6, 693, 693
2, 8, 8, 828, 828
4, 3, 1, 134, 134
8, 5, 5, 585, 585
7, 5, 8, 785, 785
3, 5, 8, 583, 583
7, 6, 7, 677, 677
2, 4, 1, 421, 421
7, 6, 5, 756, 756
1, 7, 6, 671, 671
7, 9, 3, 397, 397
4, 4, 8, 844, 844
9, 6, 6, 669, 669
2, 3, 7, 273, 273
4, 1, 6, 614, 614
2, 1, 6, 126, 126
9, 3, 6, 963, 963
8, 3, 1, 138, 138
3, 9, 9, 939, 939
7, 3, 4, 437, 437
7, 2, 2, 272, 272
6, 9, 2, 269, 269
3, 1, 4, 143, 143
7, 3, 9, 937, 937
8, 8, 2, 288, 288
2, 6, 5, 256, 256
3, 5, 6, 365, 365
9, 4, 1, 419, 419
6, 2, 1, 162, 162
9, 6, 2, 296, 296
8, 3, 5, 538, 538
2, 1, 1, 112, 112
8, 6, 5, 586, 586
7, 9, 8, 987, 987
1, 3, 8, 318, 318
7, 1, 3, 731, 731
1, 1, 4, 141, 141
9, 9, 7, 799, 799
2, 4, 4, 424, 424
8, 6, 2, 628, 628
9, 5, 1, 915, 915
5, 2, 8, 285, 285
3, 2, 6, 263, 263
9, 8, 3, 398, 398
5, 9, 8, 958, 958
9, 8, 4, 498, 498
6, 9, 6, 669, 669
4, 1, 8, 184, 184
2, 7, 9, 927, 927
1, 1, 7, 711, 711
5, 1, 2, 215, 215
5, 4, 5, 554, 554
6, 7, 4, 746, 746
4, 7, 8, 874, 874
3, 5, 5, 553, 553
1, 8, 1, 811, 811
2, 6, 3, 326, 326
9, 9, 2, 929, 929
7, 7, 8, 787, 787
1, 6, 9, 961, 961
4, 7, 3, 743, 743
3, 1, 7, 137, 137
7, 2, 9, 972, 972
7, 1, 5, 571, 571
4, 4, 2, 244, 244
1, 2, 6, 612, 612
7, 1, 9, 917, 917
1, 4, 3, 413, 413
5, 9, 5, 559, 559
1, 2, 9, 921, 921
6, 2, 5, 562, 562
4, 6, 2, 246, 246
1, 3, 2, 231, 231
6, 1, 4, 146, 146
5, 9, 3, 395, 395
4, 3, 1, 143, 143
6, 6, 5, 656, 656
3, 2, 8, 382, 382
4, 8, 9, 948, 948
4, 4, 1, 414, 414
1, 7, 1, 117, 117
5, 4, 2, 254, 254
5, 9, 5, 559, 559
1, 5, 1, 115, 115
5, 6, 5, 556, 556
5, 6, 7, 765, 765
4, 1, 2, 124, 124
3, 9, 1, 931, 931
6, 6, 7, 676, 676
1, 6, 4, 146, 146
9, 9, 6, 699, 699
4, 2, 8, 824, 824
6, 9, 9, 996, 996
2, 8, 2, 822, 822
6, 2, 9, 962, 962
1, 8, 2, 128, 128
2, 9, 1, 219, 219
4, 5, 3, 345, 345
1, 7, 7, 717, 717
5, 9, 3, 953, 953
7, 2, 7, 772, 772
3, 5, 2, 235, 235
1, 9, 7, 971, 971
7, 8, 3, 738, 738
5, 5, 4, 545, 545
9, 5, 2, 925, 925
2, 4, 6, 624, 624
2, 9, 3, 923, 923
5, 2, 3, 235, 235
7, 6, 6, 676, 676
1, 6, 8, 681, 681
8, 9, 9, 998, 998
4, 8, 2, 842, 842
9, 1, 1, 119, 119
1, 3, 2, 231, 231
4, 1, 8, 814, 814
1, 2, 2, 212, 212
5, 4, 8, 458, 458
6, 7, 8, 768, 768
5, 9, 3, 953, 953
6, 7, 7, 776, 776
8, 6, 3, 683, 683
7, 1, 5, 571, 571
9, 8, 7, 879, 879
4, 3, 5, 543, 543
6, 5, 1, 165, 165
2, 6, 5, 256, 256
3, 1, 4, 413, 413
3, 1, 3, 133, 133
8, 3, 4, 843, 843
4, 1, 3, 314, 314
9, 2, 7, 972, 972
7, 2, 6, 627, 627
5, 4, 5, 554, 554
3, 9, 1, 931, 931
6, 3, 4, 463, 463
4, 4, 7, 474, 474
2, 4, 1, 412, 412
2, 4, 1, 214, 214
8, 9, 3, 398, 398
3, 9, 2, 329, 329
5, 4, 6, 654, 654
8, 7, 9, 798, 798
3, 2, 4, 243, 243
5, 8, 7, 857, 857
7, 8, 3, 378, 378
2, 6, 5, 526, 526
7, 6, 7, 677, 677
6, 8, 4, 648, 648
9, 4, 2, 429, 429
8, 6, 7, 687, 687
2, 4, 5, 254, 254
7, 7, 3, 737, 737
4, 7, 7, 747, 747
5, 4, 4, 454, 454
5, 6, 1, 156, 156
1, 7, 3, 371, 371
8, 4, 1, 481, 481
5, 2, 4, 245, 245
3, 8, 7, 738, 738
6, 8, 9, 698, 698
8, 4, 4, 448, 448
5, 9, 1, 159, 159
3, 7, 7, 737, 737
1, 6, 5, 516, 516
2, 4, 7, 472, 472
7, 7, 3, 737, 737
9, 9, 3, 939, 939
5, 5, 7, 755, 755
5, 4, 8, 845, 845
6, 6, 8, 686, 686
1, 9, 1, 119, 119
2, 4, 3, 342, 342
2, 5, 8, 825, 825
8, 7, 6, 768, 768
1, 8, 4, 418, 418
7, 5, 8, 578, 578
8, 9, 9, 998, 998
8, 1, 7, 871, 871
7, 5, 8, 875, 875
1, 4, 2, 241, 241
9, 7, 6, 796, 796
1, 3, 1, 113, 113
4, 7, 3, 374, 374
8, 6, 1, 168, 168
1, 4, 5, 415, 415
5, 6, 1, 615, 615
8, 7, 6, 678, 678
4, 1, 3, 341, 341
6, 8, 4, 846, 846
5, 9, 7, 975, 975
8, 7, 4, 478, 478
8, 5, 9, 958, 958
7, 2, 4, 472, 472
7, 9, 6, 976, 976
4, 4, 3, 434, 434
8, 6, 2, 682, 682
2, 9, 6, 269, 269
9, 3, 2, 293, 293
4, 6, 5, 645, 645
6, 6, 4, 646, 646
9, 6, 8, 689, 689
1, 2, 5, 152, 152
1, 7, 3, 371, 371
3, 9, 4, 943, 943
7, 4, 8, 874, 874
4, 9, 4, 944, 944
9, 1, 7, 791, 791
7, 5, 6, 765, 765
5, 8, 4, 845, 845
2, 4, 9, 294, 294
5, 5, 2, 525, 525
3, 2, 4, 342, 342
8, 5, 9, 985, 985
6, 4, 2, 264, 264
2, 7, 6, 672, 672
2, 9, 2, 229, 229
4, 1, 5, 154, 154
9, 6, 2, 926, 926
1, 4, 8, 418, 418
7, 8, 8, 878, 878
7, 7, 6, 677, 677
2, 5, 8, 528, 528
2, 1, 8, 128, 128
7, 7, 8, 877, 877
3, 2, 6, 362, 362
2, 9, 9, 929, 929
9, 1, 7, 971, 971
2, 3, 6, 623, 623
5, 7, 9, 759, 759
6, 1, 2, 162, 162
6, 1, 1, 161, 161
5, 6, 4, 465, 465
6, 4, 4, 446, 446
7, 4, 5, 547, 547
8, 3, 8, 883, 883
9, 6, 1, 691, 691
8, 2, 1, 281, 281
2, 6, 9, 926, 926
4, 3, 4, 344, 344
6, 6, 5, 566, 566
4, 2, 9, 924, 924
1, 6, 5, 651, 651
6, 9, 1, 196, 196
5, 4, 3, 453, 453
8, 6, 5, 856, 856
1, 1, 4, 141, 141
8, 4, 2, 248, 248
6, 9, 3, 396, 396
6, 9, 1, 619, 619
9, 8, 1, 918, 918
9, 1, 5, 519, 519
7, 5, 9, 579, 579
9, 1, 5, 519, 519
7, 2, 4, 472, 472
5, 1, 7, 751, 751
9, 5, 3, 359, 359
9, 7, 2, 297, 297
1, 6, 4, 461, 461
2, 4, 2, 422, 422
9, 1, 8, 198, 198
6, 5, 2, 256, 256
9, 2, 2, 229, 229
6, 6, 1, 166, 166
3, 6, 8, 683, 683
2, 8, 9, 298, 298
4, 2, 7, 274, 274
7, 4, 9, 947, 947
1, 2, 6, 612, 612
5, 3, 7, 573, 573
8, 5, 8, 885, 885
7, 5, 4, 745, 745
4, 1, 9, 149, 149
7, 7, 6, 767, 767
2, 7, 1, 721, 721
1, 6, 5, 615, 615
3, 6, 1, 316, 316
3, 4, 6, 436, 436
6, 7, 3, 376, 376
2, 3, 5, 325, 325
2, 2, 4, 242, 242
7, 3, 3, 337, 337
8, 4, 5, 458, 458
1, 6, 8, 186, 186
1, 2, 5, 215, 215
6, 8, 4, 468, 468
2, 7, 8, 782, 782
6, 3, 3, 336, 336
6, 4, 8, 468, 468
2, 4, 8, 842, 842
1, 4, 4, 414, 414
3, 6, 2, 263, 263
2, 7, 7, 727, 727
4, 7, 2, 724, 724
6, 3, 5, 653, 653
1, 3, 6, 613, 613
3, 1, 8, 381, 381
5, 7, 1, 715, 715
3, 9, 2, 239, 239
4, 1, 6, 164, 164
5, 6, 4, 456, 456
3, 6, 9, 639, 639
4, 9, 5, 945, 945
3, 5, 6, 653, 653
7, 8, 1, 178, 178
4, 9, 2, 294, 294
5, 4, 5, 554, 554
3, 9, 2, 293, 293
4, 9, 5, 549, 549
3, 3, 2, 233, 233
8, 1, 4, 184, 184
1, 2, 6, 216, 216
1, 7, 6, 167, 167
7, 4, 2, 472, 472
4, 1, 5, 145, 145
1, 7, 3, 371, 371
8, 4, 1, 814, 814
3, 2, 1, 123, 123
9, 5, 7, 795, 795
3, 3, 1, 313, 313
8, 2, 9, 289, 289
9, 5, 6, 569, 569
2, 9, 6, 629, 629
9, 4, 3, 394, 394
4, 5, 3, 543, 543
8, 3, 1, 813, 813
6, 3, 6, 366, 366
5, 6, 3, 653, 653
6, 4, 9, 694, 694
8, 5, 5, 558, 558
1, 2, 1, 112, 112
7, 2, 4, 247, 247
9, 6, 7, 769, 769
8, 6, 8, 886, 886
1, 3, 4, 431, 431
3, 6, 6, 636, 636
3, 3, 6, 363, 363
1, 3, 8, 381, 381
1, 2, 9, 291, 291
5, 2, 6, 652, 652
7, 5, 7, 577, 577
8, 1, 9, 198, 198
1, 4, 7, 741, 741
4, 5, 2, 524, 524
1, 4, 4, 441, 441
9, 5, 4, 495, 495
6, 9, 2, 926, 926
9, 8, 2, 289, 289
7, 2, 7, 277, 277
2, 8, 6, 268, 268
4, 3, 5, 534, 534
8, 1, 4, 481, 481
9, 3, 2, 392, 392
2, 2, 5, 252, 252
3, 8, 2, 238, 238
4, 5, 3, 435, 435
5, 1, 5, 551, 551
1, 9, 7, 719, 719
9, 5, 6, 695, 695
4, 8, 9, 498, 498
5, 2, 7, 257, 257
5, 1, 8, 815, 815
1, 3, 3, 313, 313
7, 8, 1, 178, 178
8, 5, 3, 538, 538
3, 9, 2, 329, 329
3, 5, 9, 935, 935
9, 4, 1, 194, 194
1, 7, 3, 317, 317
6, 4, 1, 146, 146
8, 4, 5, 548, 548
7, 2, 3, 327, 327
5, 9, 2, 952, 952
6, 8, 9, 986, 986
2, 3, 2, 223, 223
9, 2, 6, 962, 962
1, 7, 1, 117, 117
7, 5, 8, 587, 587
3, 2, 5, 523, 523
2, 9, 2, 229, 229
8, 4, 1, 814, 814
8, 9, 5, 958, 958
2, 1, 8, 281, 281
1, 8, 3, 381, 381
8, 1, 1, 118, 118
4, 7, 3, 734, 734
2, 8, 7, 278, 278
5, 1, 6, 651, 651
5, 2, 8, 285, 285
7, 2, 5, 257, 257
3, 5, 4, 435, 435
4, 9, 9, 994, 994
4, 8, 3, 384, 384
5, 6, 5, 556, 556
8, 4, 1, 814, 814
7, 6, 7, 677, 677
1, 5, 1, 511, 511
7, 4, 9, 794, 794
7, 7, 5, 757, 757
8, 1, 5, 158, 158
9, 3, 5, 539, 539
9, 3, 1, 319, 319
4, 9, 9, 949, 949
3, 3, 1, 133, 133
4, 4, 1, 414, 414
8, 1, 7, 187, 187
8, 9, 7, 789, 789
7, 4, 5, 754, 754
2, 6, 5, 625, 625
7, 9, 3, 739, 739
9, 4, 1, 419, 419
5, 3, 1, 135, 135
2, 8, 1, 128, 128
2, 5, 8, 285, 285
9, 1, 1, 191, 191
5, 4, 5, 554, 554
5, 7, 6, 567, 567
3, 3, 9, 933, 933
4, 7, 5, 457, 457
1, 5, 9, 195, 195
8, 6, 8, 688, 688
2, 4, 8, 482, 482
5, 4, 4, 445, 445
9, 4, 6, 496, 496
3, 2, 3, 332, 332
8, 7, 6, 786, 786
2, 4, 1, 124, 124
5, 6, 3, 635, 635
3, 9, 7, 379, 379
8, 3, 4, 348, 348
3, 4, 6, 643, 643
9, 5, 8, 985, 985
7, 9, 6, 679, 679
9, 7, 6, 697, 697
2, 7, 7, 772, 772
6, 7, 1, 716, 716
3, 3, 8, 833, 833
1, 2, 6, 216, 216
3, 3, 7, 733, 733
5, 3, 2, 352, 352
9, 5, 7, 597, 597
2, 6, 4, 246, 246
3, 6, 4, 643, 643
7, 9, 6, 679, 679
4, 4, 9, 944, 944
9, 7, 1, 197, 197
4, 9, 1, 149, 149
4, 7, 8, 847, 847
2, 7, 2, 227, 227
2, 5, 8, 528, 528
8, 7, 3, 738, 738
6, 5, 4, 456, 456
3, 5, 3, 533, 533
8, 3, 6, 683, 683
7, 5, 9, 579, 579
8, 8, 9, 988, 988
5, 5, 2, 525, 525
6, 2, 7, 672, 672
2, 7, 7, 772, 772
7, 1, 2, 271, 271
9, 8, 4, 489, 489
6, 6, 4, 466, 466
4, 3, 3, 334, 334
4, 9, 4, 449, 449
3, 9, 2, 329, 329
2, 1, 5, 125, 125
3, 7, 8, 738, 738
3, 1, 8, 381, 381
7, 7, 3, 737, 737
1, 2, 6, 162, 162
6, 2, 3, 263, 263
4, 7, 9, 794, 794
4, 9, 6, 964, 964
1, 5, 1, 511, 511
3, 8, 1, 813, 813
5, 8, 9, 958, 958
2, 4, 2, 422, 422
3, 5, 5, 535, 535
4, 7, 7, 747, 747
8, 9, 9, 998, 998
7, 3, 4, 374, 374
3, 6, 1, 136, 136
2, 9, 9, 992, 992
2, 7, 9, 927, 927
6, 7, 6, 667, 667
1, 3, 1, 311, 311
8, 2, 5, 528, 528
4, 5, 6, 564, 564
3, 9, 7, 973, 973
8, 5, 4, 458, 458
5, 1, 4, 415, 415
3, 7, 5, 753, 753
1, 4, 4, 414, 414
1, 9, 3, 139, 139
3, 9, 5, 539, 539
6, 4, 5, 465, 465
1, 4, 6, 641, 641
5, 7, 3, 753, 753
8, 2, 1, 281, 281
6, 7, 5, 765, 765
6, 1, 8, 681, 681
4, 3, 7, 473, 473
1, 1, 7, 711, 711
1, 4, 8, 481, 481
5, 2, 8, 285, 285
4, 3, 5, 453, 453
6, 2, 7, 726, 726
5, 4, 1, 451, 451
1, 4, 6, 416, 416
2, 1, 2, 221, 221
1, 3, 6, 316, 316
2, 5, 4, 452, 452
9, 4, 3, 439, 439
4, 8, 5, 458, 458
7, 3, 4, 437, 437
4, 9, 9, 949, 949
9, 8, 1, 819, 819
3, 4, 4, 434, 434
6, 7, 9, 976, 976
7, 1, 8, 817, 817
5, 5, 9, 955, 955
3, 9, 6, 693, 693
9, 5, 4, 459, 459
7, 9, 3, 379, 379
8, 1, 6, 861, 861
4, 9, 3, 439, 439
6, 6, 1, 616, 616
3, 9, 7, 793, 793
2, 4, 2, 224, 224
3, 9, 8, 389, 389
9, 3, 7, 973, 973
9, 5, 8, 589, 589
6, 4, 8, 684, 684
8, 1, 2, 128, 128
2, 8, 7, 728, 728
8, 2, 3, 382, 382
7, 9, 3, 973, 973
7, 4, 1, 174, 174
5, 9, 4, 495, 495
9, 2, 7, 792, 792
9, 2, 4, 942, 942
7, 7, 6, 677, 677
7, 3, 4, 473, 473
1, 7, 9, 197, 197
2, 7, 4, 427, 427
4, 7, 4, 744, 744
2, 9, 5, 259, 259
4, 8, 9, 498, 498
7, 4, 2, 472, 472
7, 1, 7, 771, 771
9, 9, 5, 959, 959
1, 1, 6, 161, 161
3, 9, 9, 939, 939
9, 1, 9, 991, 991
2, 7, 2, 227, 227
4, 2, 5, 245, 245
2, 8, 1, 182, 182
2, 1, 1, 112, 112
2, 5, 4, 452, 452
4, 8, 2, 248, 248
5, 5, 8, 855, 855
4, 2, 2, 224, 224
8, 1, 4, 148, 148
6, 1, 6, 661, 661
2, 3, 2, 223, 223
8, 5, 9, 589, 589
5, 6, 9, 695, 695
5, 3, 3, 335, 335
3, 3, 7, 733, 733
9, 9, 7, 979, 979
1, 7, 6, 167, 167
2, 4, 8, 824, 824
1, 4, 8, 481, 481
3, 3, 7, 733, 733
3, 2, 4, 243, 243
8, 4, 1, 814, 814
3, 4, 4, 443, 443
8, 9, 3, 398, 398
2, 3, 9, 923, 923
5, 1, 9, 195, 195
1, 7, 1, 711, 711
1, 9, 1, 119, 119
3, 6, 9, 693, 693
9, 2, 1, 912, 912
1, 9, 2, 219, 219
8, 3, 5, 583, 583
9, 8, 6, 896, 896
6, 2, 4, 426, 426
2, 6, 2, 622, 622
7, 8, 6, 867, 867
9, 1, 2, 129, 129
3, 1, 1, 113, 113
2, 4, 3, 324, 324
8, 5, 5, 558, 558
2, 9, 1, 129, 129
2, 4, 6, 624, 624
6, 7, 8, 687, 687
6, 8, 2, 286, 286
1, 4, 4, 441, 441
9, 1, 2, 219, 219
4, 7, 5, 745, 745
8, 2, 9, 298, 298
9, 8, 6, 869, 869
9, 6, 8, 986, 986
6, 2, 4, 642, 642
3, 7, 8, 387, 387
6, 2, 8, 682, 682
8, 2, 5, 582, 582
5, 6, 3, 536, 536
2, 5, 8, 825, 825
2, 9, 1, 921, 921
4, 4, 5, 454, 454
1, 7, 8, 187, 187
9, 5, 6, 695, 695
7, 9, 5, 597, 597
1, 2, 9, 219, 219
3, 4, 7, 437, 437
6, 1, 3, 631, 631
2, 3, 4, 432, 432
1, 9, 9, 919, 919
2, 5, 5, 552, 552
2, 7, 5, 752, 752
5, 7, 3, 735, 735
5, 6, 1, 516, 516
2, 4, 8, 428, 428
3, 8, 9, 893, 893
3, 1, 3, 133, 133
9, 2, 7, 279, 279
8, 8, 4, 488, 488
3, 7, 3, 733, 733
3, 1, 2, 132, 132
6, 3, 7, 673, 673
3, 5, 4, 453, 453
8, 8, 7, 878, 878
8, 5, 6, 568, 568
8, 4, 3, 834, 834
2, 3, 4, 423, 423
7, 4, 3, 437, 437
9, 8, 4, 849, 849
8, 7, 5, 785, 785
2, 9, 8, 928, 928
1, 8, 7, 871, 871
5, 5, 3, 355, 355
6, 8, 7, 867, 867
7, 9, 4, 974, 974
9, 1, 1, 191, 191
1, 3, 7, 317, 317
5, 6, 4, 465, 465
3, 9, 6, 693, 693
4, 7, 7, 747, 747
2, 6, 6, 662, 662
2, 4, 1, 124, 124
4, 6, 2, 246, 246
2, 9, 5, 529, 529
3, 7, 2, 273, 273
6, 4, 8, 486, 486
4, 8, 5, 845, 845
2, 8, 2, 228, 228
2, 2, 3, 232, 232
4, 2, 6, 642, 642
8, 6, 8, 688, 688
2, 4, 3, 342, 342
6, 7, 3, 376, 376
4, 2, 7, 724, 724
4, 1, 9, 194, 194
8, 5, 5, 558, 558
8, 1, 6, 681, 681
3, 8, 5, 358, 358
5, 3, 6, 653, 653
6, 8, 7, 876, 876
2, 2, 5, 522, 522
6, 7, 4, 476, 476
7, 3, 3, 337, 337
7, 4, 2, 427, 427
2, 1, 4, 412, 412
9, 3, 3, 339, 339
7, 6, 1, 176, 176
1, 5, 2, 512, 512
9, 5, 3, 539, 539
4, 2, 8, 842, 842
3, 7, 7, 737, 737
6, 5, 1, 516, 516
7, 2, 5, 275, 275
6, 8, 6, 668, 668
4, 2, 7, 472, 472
6, 3, 2, 236, 236
8, 4, 7, 487, 487
6, 3, 4, 463, 463
5, 2, 2, 252, 252
8, 6, 6, 686, 686
4, 5, 9, 549, 549
7, 1, 8, 781, 781
8, 3, 8, 388, 388
5, 7, 6, 756, 756
3, 2, 9, 293, 293
5, 2, 4, 542, 542
6, 7, 7, 767, 767
2, 5, 1, 215, 215
6, 7, 9, 976, 976
6, 1, 9, 196, 196
3, 1, 9, 193, 193
7, 3, 5, 537, 537
3, 7, 2, 723, 723
8, 7, 5, 578, 578
2, 5, 6, 526, 526
2, 9, 3, 923, 923
2, 6, 8, 286, 286
4, 6, 5, 546, 546
9, 6, 3, 369, 369
7, 8, 2, 287, 287
9, 8, 1, 891, 891
5, 2, 2, 252, 252
6, 9, 9, 969, 969
4, 2, 1, 142, 142
6, 3, 8, 863, 863
1, 9, 8, 819, 819
7, 6, 4, 746, 746
1, 9, 7, 179, 179
7, 8, 2, 827, 827
6, 3, 2, 623, 623
9, 8, 9, 899, 899
5, 5, 3, 535, 535
6, 3, 4, 436, 436
6, 3, 6, 663, 663
5, 5, 4, 455, 455
6, 5, 6, 665, 665
1, 6, 7, 716, 716
8, 9, 4, 498, 498
8, 4, 6, 864, 864
2, 7, 2, 227, 227
9, 9, 5, 599, 599
3, 8, 9, 839, 839
7, 8, 6, 687, 687
2, 1, 9, 192, 192
2, 1, 8, 182, 182
2, 8, 3, 328, 328
4, 2, 3, 243, 243
6, 6, 8, 686, 686
6, 2, 3, 236, 236
7, 1, 1, 171, 171
7, 7, 3, 377, 377
3, 7, 6, 367, 367
7, 5, 4, 574, 574
4, 8, 7, 478, 478
7, 2, 1, 217, 217
8, 5, 1, 518, 518
7, 3, 9, 379, 379
5, 8, 5, 855, 855
5, 7, 4, 547, 547
1, 4, 9, 941, 941
5, 1, 7, 175, 175
1, 6, 7, 761, 761
9, 6, 1, 691, 691
9, 6, 4, 946, 946
8, 4, 5, 458, 458
3, 8, 9, 839, 839
3, 9, 5, 539, 539
8, 7, 2, 287, 287
1, 4, 7, 741, 741
6, 9, 1, 196, 196
6, 4, 6, 466, 466
8, 3, 4, 384, 384
4, 2, 3, 234, 234
7, 2, 9, 279, 279
7, 2, 2, 227, 227
4, 4, 2, 424, 424
3, 4, 4, 434, 434
4, 2, 6, 462, 462
3, 1, 9, 391, 391
1, 3, 4, 341, 341
8, 5, 7, 587, 587
1, 7, 8, 718, 718
8, 1, 6, 168, 168
7, 4, 9, 479, 479
2, 5, 1, 125, 125
1, 5, 6, 615, 615
9, 4, 1, 194, 194
6, 8, 2, 628, 628
2, 1, 7, 271, 271
6, 9, 3, 369, 369
4, 9, 8, 489, 489
9, 3, 2, 239, 239
5, 8, 4, 854, 854
8, 5, 5, 585, 585
5, 4, 4, 454, 454
6, 2, 2, 226, 226
7, 5, 1, 175, 175
7, 4, 1, 174, 174
1, 3, 4, 341, 341
4, 5, 1, 145, 145
4, 6, 7, 746, 746
2, 9, 7, 729, 729
5, 7, 2, 725, 725
1, 3, 5, 513, 513
9, 1, 7, 971, 971
8, 3, 9, 398, 398
5, 6, 7, 765, 765
3, 2, 6, 623, 623
9, 4, 9, 499, 499
9, 5, 2, 529, 529
1, 2, 1, 112, 112
8, 3, 8, 388, 388
7, 2, 3, 237, 237
4, 3, 9, 493, 493
3, 8, 9, 938, 938
3, 3, 4, 343, 343
6, 3, 3, 363, 363
9, 5, 9, 599, 599
8, 2, 2, 282, 282
6, 3, 8, 386, 386
9, 1, 2, 291, 291
1, 8, 3, 813, 813
2, 2, 3, 232, 232
7, 4, 1, 417, 417
2, 3, 3, 332, 332
9, 7, 1, 197, 197
5, 7, 8, 587, 587
5, 9, 1, 951, 951
9, 8, 6, 689, 689
1, 4, 9, 419, 419
1, 6, 9, 196, 196
6, 7, 8, 867, 867
3, 3, 4, 433, 433
1, 4, 3, 341, 341
6, 6, 2, 626, 626
2, 4, 5, 425, 425
3, 1, 2, 123, 123
5, 6, 1, 156, 156
8, 5, 9, 958, 958
8, 9, 7, 987, 987
6, 5, 9, 596, 596
8, 6, 4, 486, 486
6, 4, 5, 456, 456
7, 9, 4, 974, 974
7, 4, 1, 174, 174
1, 3, 7, 371, 371
3, 2, 4, 342, 342
5, 2, 6, 562, 562
7, 3, 1, 713, 713
6, 9, 7, 769, 769
1, 4, 3, 431, 431
4, 9, 2, 294, 294
5, 6, 6, 665, 665
2, 7, 2, 722, 722
1, 9, 4, 941, 941
4, 8, 3, 384, 384
6, 2, 7, 267, 267
9, 2, 5, 259, 259
9, 5, 3, 935, 935
7, 9, 2, 927, 927
6, 4, 9, 964, 964
2, 6, 6, 626, 626
6, 3, 5, 356, 356
5, 9, 9, 995, 995
6, 2, 7, 276, 276
3, 7, 5, 735, 735
9, 8, 2, 289, 289
7, 1, 5, 571, 571
5, 6, 2, 256, 256
7, 9, 5, 975, 975
4, 9, 8, 984, 984
6, 3, 3, 363, 363
1, 3, 2, 231, 231
7, 6, 3, 367, 367
6, 9, 2, 962, 962
6, 5, 1, 516, 516
8, 2, 4, 284, 284
7, 2, 7, 277, 277
8, 7, 1, 781, 781
9, 6, 3, 396, 396
8, 1, 9, 981, 981
9, 5, 7, 795, 795
1, 9, 2, 921, 921
9, 5, 7, 975, 975
9, 4, 7, 479, 479
1, 6, 7, 617, 617
9, 1, 7, 179, 179
4, 8, 5, 584, 584
3, 5, 9, 935, 935
7, 5, 2, 527, 527
2, 9, 3, 932, 932
3, 9, 7, 937, 937
5, 6, 8, 658, 658
4, 5, 6, 564, 564
4, 9, 5, 954, 954
8, 9, 8, 889, 889
2, 8, 3, 238, 238
5, 3, 1, 351, 351
5, 4, 9, 954, 954
1, 7, 1, 711, 711
7, 5, 3, 537, 537
3, 2, 4, 234, 234
6, 4, 4, 464, 464
1, 2, 6, 621, 621
2, 6, 2, 622, 622
5, 1, 1, 115, 115
1, 8, 1, 118, 118
8, 9, 1, 819, 819
2, 1, 3, 132, 132
6, 1, 4, 416, 416
1, 8, 6, 681, 681
1, 1, 7, 171, 171
7, 9, 2, 729, 729
9, 6, 4, 496, 496
3, 8, 7, 783, 783
4, 4, 7, 744, 744
7, 5, 2, 725, 725
2, 7, 9, 927, 927
1, 4, 8, 184, 184
6, 8, 7, 876, 876
9, 7, 7, 797, 797
2, 8, 8, 882, 882
8, 4, 1, 148, 148
7, 5, 4, 547, 547
1, 3, 5, 153, 153
2, 3, 3, 323, 323
7, 4, 4, 447, 447
2, 3, 9, 329, 329
9, 9, 2, 299, 299
6, 2, 5, 562, 562
5, 1, 2, 251, 251
1, 9, 4, 941, 941
2, 3, 9, 923, 923
7, 8, 4, 874, 874
3, 3, 2, 323, 323
7, 3, 6, 673, 673
3, 5, 2, 325, 325
3, 3, 2, 323, 323
5, 1, 9, 591, 591
4, 7, 8, 847, 847
5, 3, 3, 353, 353
3, 4, 9, 394, 394
3, 9, 5, 539, 539
4, 3, 5, 543, 543
7, 4, 2, 724, 724
5, 6, 9, 965, 965
8, 4, 5, 584, 584
8, 5, 7, 587, 587
6, 4, 1, 461, 461
9, 1, 7, 791, 791
1, 4, 8, 814, 814
1, 3, 1, 113, 113
1, 4, 3, 413, 413
7, 7, 3, 737, 737
7, 9, 7, 779, 779
1, 8, 7, 781, 781
1, 3, 8, 813, 813
8, 3, 2, 328, 328
7, 2, 2, 227, 227
3, 2, 6, 263, 263
5, 7, 8, 785, 785
7, 6, 5, 675, 675
3, 2, 1, 213, 213
9, 8, 2, 289, 289
6, 3, 1, 136, 136
5, 2, 4, 542, 542
9, 7, 3, 379, 379
1, 5, 4, 541, 541
3, 2, 4, 243, 243
2, 5, 9, 925, 925
1, 7, 6, 716, 716
8, 2, 7, 872, 872
5, 3, 8, 358, 358
1, 5, 9, 915, 915
5, 1, 4, 541, 541
6, 3, 5, 365, 365
5, 4, 9, 945, 945
8, 1, 1, 181, 181
5, 7, 5, 755, 755
1, 8, 2, 821, 821
7, 4, 5, 475, 475
3, 8, 1, 831, 831
1, 3, 7, 731, 731
2, 7, 6, 267, 267
4, 6, 4, 644, 644
6, 8, 8, 886, 886
7, 7, 5, 577, 577
3, 8, 3, 833, 833
2, 3, 5, 532, 532
7, 9, 7, 977, 977
5, 8, 4, 485, 485
1, 7, 4, 147, 147
2, 1, 5, 512, 512
1, 5, 8, 581, 581
4, 3, 8, 348, 348
4, 2, 8, 824, 824
5, 1, 9, 195, 195
1, 8, 7, 871, 871
4, 5, 6, 546, 546
6, 6, 2, 626, 626
1, 1, 3, 311, 311
4, 7, 1, 417, 417
6, 9, 7, 967, 967
6, 5, 8, 586, 586
6, 6, 7, 766, 766
5, 3, 8, 358, 358
2, 1, 2, 221, 221
7, 3, 4, 743, 743
4, 7, 1, 174, 174
7, 9, 7, 779, 779
8, 2, 6, 268, 268
8, 9, 2, 289, 289
6, 7, 7, 776, 776
9, 9, 7, 799, 799
5, 8, 9, 985, 985
1, 4, 3, 431, 431
3, 6, 5, 653, 653
5, 8, 2, 528, 528
1, 2, 2, 221, 221
4, 7, 6, 647, 647
8, 2, 6, 286, 286
5, 8, 2, 285, 285
9, 5, 9, 599, 599
7, 1, 3, 137, 137
1, 7, 8, 871, 871
1, 3, 4, 413, 413
1, 4, 6, 614, 614
8, 6, 2, 268, 268
2, 3, 7, 372, 372
1, 2, 1, 112, 112
8, 5, 5, 558, 558
8, 5, 4, 845, 845
3, 6, 4, 346, 346
8, 1, 4, 481, 481
7, 6, 6, 667, 667
8, 9, 3, 398, 398
7, 6, 5, 567, 567
3, 3, 2, 233, 233
4, 6, 4, 446, 446
4, 2, 3, 342, 342
2, 9, 5, 925, 925
8, 3, 1, 318, 318
4, 3, 4, 443, 443
7, 5, 6, 576, 576
3, 4, 6, 634, 634
6, 3, 5, 356, 356
4, 6, 6, 646, 646
8, 8, 1, 818, 818
3, 6, 8, 638, 638
7, 4, 9, 974, 974
5, 5, 2, 255, 255
7, 6, 3, 736, 736
7, 3, 8, 387, 387
3, 9, 7, 379, 379
7, 9, 3, 973, 973
9, 2, 9, 299, 299
6, 9, 4, 964, 964
6, 5, 9, 596, 596
8, 5, 3, 358, 358
9, 9, 4, 499, 499
8, 4, 8, 488, 488
7, 1, 2, 217, 217
1, 8, 2, 821, 821
7, 2, 6, 276, 276
5, 2, 1, 512, 512
8, 2, 7, 278, 278
2, 4, 9, 942, 942
4, 9, 2, 924, 924
2, 5, 1, 521, 521
7, 9, 6, 697, 697
3, 5, 9, 395, 395
1, 6, 9, 196, 196
8, 9, 2, 928, 928
4, 7, 5, 547, 547
8, 6, 2, 628, 628
2, 9, 3, 392, 392
6, 4, 9, 496, 496
4, 1, 9, 491, 491
9, 5, 8, 598, 598
5, 2, 2, 252, 252
9, 4, 1, 914, 914
6, 7, 9, 769, 769
9, 9, 2, 299, 299
6, 2, 6, 266, 266
7, 2, 8, 827, 827
5, 8, 8, 885, 885
1, 6, 5, 156, 156
2, 9, 7, 972, 972
9, 1, 8, 189, 189
1, 9, 8, 981, 981
5, 7, 7, 757, 757
8, 5, 6, 586, 586
6, 6, 2, 626, 626
4, 9, 9, 994, 994
8, 3, 3, 383, 383
4, 5, 2, 245, 245
1, 6, 2, 216, 216
2, 4, 7, 742, 742
4, 5, 1, 145, 145
1, 1, 3, 131, 131
1, 8, 3, 381, 381
9, 6, 1, 916, 916
6, 3, 8, 368, 368
5, 6, 7, 765, 765
3, 6, 9, 693, 693
7, 7, 6, 677, 677
6, 6, 7, 766, 766
5, 3, 7, 735, 735
6, 8, 5, 658, 658
8, 3, 1, 813, 813
4, 8, 9, 498, 498
3, 3, 7, 373, 373
4, 8, 3, 834, 834
4, 1, 2, 124, 124
4, 3, 8, 384, 384
3, 1, 9, 391, 391
5, 6, 9, 695, 695
6, 4, 2, 624, 624
3, 7, 6, 736, 736
8, 1, 3, 183, 183
7, 9, 9, 979, 979
7, 2, 8, 827, 827
9, 8, 6, 869, 869
8, 4, 1, 184, 184
9, 2, 2, 229, 229
8, 4, 1, 418, 418
9, 6, 8, 689, 689
6, 5, 2, 562, 562
1, 6, 4, 461, 461
7, 1, 4, 174, 174
6, 5, 8, 856, 856
7, 8, 3, 837, 837
9, 1, 8, 981, 981
1, 3, 5, 315, 315
7, 8, 5, 587, 587
6, 2, 4, 246, 246
2, 3, 5, 532, 532
8, 2, 9, 289, 289
2, 9, 7, 729, 729
7, 1, 5, 157, 157
7, 8, 6, 867, 867
6, 2, 4, 264, 264
2, 2, 3, 322, 322
9, 3, 3, 393, 393
3, 7, 1, 731, 731
8, 5, 6, 658, 658
3, 4, 1, 143, 143
8, 9, 2, 829, 829
1, 1, 8, 811, 811
4, 1, 9, 491, 491
1, 2, 4, 421, 421
8, 3, 4, 843, 843
8, 2, 4, 842, 842
3, 2, 8, 382, 382
9, 4, 1, 491, 491
8, 6, 4, 684, 684
9, 2, 8, 892, 892
9, 4, 9, 994, 994
4, 3, 6, 463, 463
6, 6, 1, 616, 616
4, 4, 8, 844, 844
2, 7, 1, 721, 721
6, 8, 1, 618, 618
7, 8, 9, 798, 798
5, 9, 8, 589, 589
6, 9, 9, 996, 996
1, 5, 5, 551, 551
7, 6, 3, 673, 673
8, 9, 3, 938, 938
3, 7, 7, 737, 737
5, 4, 2, 452, 452
8, 4, 2, 284, 284
5, 6, 7, 576, 576
1, 1, 5, 511, 511
8, 3, 7, 387, 387
1, 7, 4, 147, 147
1, 1, 4, 141, 141
6, 2, 8, 682, 682
1, 1, 7, 171, 171
9, 7, 2, 279, 279
5, 4, 7, 457, 457
7, 2, 5, 275, 275
3, 3, 5, 533, 533
2, 3, 2, 322, 322
8, 2, 3, 283, 283
7, 8, 3, 387, 387
5, 9, 7, 795, 795
5, 9, 7, 795, 795
5, 7, 9, 975, 975
3, 9, 9, 939, 939
9, 2, 5, 592, 592
3, 6, 3, 633, 633
1, 8, 6, 816, 816
6, 3, 7, 367, 367
1, 9, 8, 891, 891
9, 8, 3, 389, 389
6, 1, 6, 166, 166
1, 5, 6, 615, 615
5, 7, 1, 175, 175
8, 6, 2, 268, 268
3, 4, 4, 443, 443
4, 2, 4, 244, 244
8, 4, 7, 748, 748
8, 6, 8, 688, 688
7, 1, 8, 871, 871
8, 7, 9, 789, 789
6, 4, 7, 467, 467
9, 3, 3, 393, 393
8, 4, 9, 498, 498
2, 9, 8, 892, 892
7, 5, 4, 745, 745
6, 3, 5, 653, 653
2, 9, 7, 729, 729
8, 4, 2, 428, 428
8, 4, 5, 584, 584
7, 9, 6, 976, 976
3, 3, 6, 633, 633
7, 8, 5, 578, 578
7, 5, 9, 579, 579
8, 9, 3, 839, 839
5, 4, 4, 445, 445
7, 9, 2, 972, 972
3, 7, 6, 637, 637
8, 5, 9, 895, 895
5, 6, 8, 856, 856
2, 9, 4, 249, 249
9, 7, 2, 927, 927
1, 8, 8, 818, 818
6, 6, 3, 366, 366
4, 8, 7, 847, 847
3, 9, 8, 983, 983
6, 7, 8, 687, 687
6, 3, 8, 386, 386
2, 4, 6, 642, 642
8, 5, 4, 845, 845
4, 1, 2, 214, 214
6, 7, 5, 756, 756
2, 4, 5, 524, 524
6, 6, 2, 266, 266
2, 9, 3, 329, 329
5, 9, 7, 957, 957
2, 6, 8, 826, 826
6, 8, 6, 866, 866
2, 7, 9, 792, 792
9, 1, 9, 199, 199
9, 4, 9, 499, 499
1, 4, 2, 421, 421
4, 2, 4, 442, 442
5, 6, 5, 655, 655
7, 5, 6, 576, 576
5, 2, 9, 295, 295
3, 9, 2, 293, 293
6, 8, 1, 861, 861
2, 7, 1, 721, 721
1, 4, 7, 471, 471
5, 5, 7, 755, 755
2, 1, 9, 192, 192
6, 5, 3, 536, 536
9, 6, 6, 696, 696
8, 7, 3, 738, 738
4, 2, 3, 324, 324
9, 9, 6, 969, 969
4, 4, 8, 844, 844
4, 6, 3, 634, 634
4, 8, 6, 468, 468
2, 9, 4, 942, 942
3, 7, 9, 937, 937
7, 8, 6, 687, 687
6, 3, 5, 653, 653
1, 7, 9, 197, 197
8, 4, 6, 864, 864
6, 5, 8, 568, 568
6, 5, 9, 569, 569
2, 9, 9, 929, 929
5, 8, 8, 858, 858
5, 9, 1, 951, 951
2, 2, 1, 212, 212
6, 5, 2, 526, 526
4, 9, 3, 943, 943
7, 9, 7, 977, 977
2, 5, 3, 325, 325
7, 2, 9, 927, 927
8, 5, 2, 528, 528
6, 1, 6, 166, 166
8, 2, 1, 128, 128
6, 7, 7, 776, 776
5, 4, 8, 845, 845
8, 4, 6, 468, 468
1, 2, 4, 241, 241
6, 4, 2, 264, 264
1, 7, 4, 741, 741
3, 9, 3, 933, 933
7, 1, 7, 771, 771
7, 6, 8, 867, 867
4, 2, 7, 472, 472
2, 8, 1, 218, 218
5, 3, 1, 513, 513
7, 7, 8, 787, 787
4, 1, 8, 184, 184
8, 5, 8, 588, 588
1, 1, 9, 191, 191
3, 2, 3, 233, 233
6, 2, 9, 296, 296
3, 7, 9, 937, 937
4, 9, 3, 934, 934
2, 1, 9, 921, 921
8, 8, 9, 898, 898
2, 8, 1, 218, 218
7, 9, 2, 972, 972
3, 2, 4, 342, 342
1, 1, 9, 191, 191
4, 6, 1, 416, 416
2, 8, 8, 882, 882
1, 3, 4, 314, 314
5, 1, 5, 155, 155
5, 4, 8, 584, 584
7, 8, 8, 878, 878
4, 7, 4, 447, 447
4, 2, 4, 244, 244
4, 7, 1, 417, 417
1, 4, 1, 114, 114
9, 5, 6, 695, 695
7, 8, 8, 887, 887
9, 9, 5, 599, 599
6, 3, 1, 613, 613
4, 1, 6, 164, 164
7, 9, 8, 897, 897
2, 1, 5, 251, 251
6, 8, 9, 869, 869
7, 9, 8, 879, 879
6, 5, 2, 562, 562
3, 1, 1, 113, 113
5, 2, 5, 552, 552
1, 5, 7, 715, 715
3, 5, 6, 635, 635
3, 9, 4, 934, 934
3, 2, 5, 352, 352
3, 4, 5, 354, 354
2, 5, 9, 952, 952
9, 6, 8, 869, 869
5, 3, 8, 583, 583
4, 7, 6, 764, 764
4, 4, 3, 434, 434
6, 9, 1, 619, 619
5, 1, 9, 195, 195
9, 6, 1, 691, 691
9, 6, 1, 916, 916
3, 6, 5, 635, 635
3, 4, 5, 354, 354
7, 7, 2, 277, 277
4, 4, 2, 244, 244
6, 9, 7, 976, 976
2, 8, 6, 682, 682
9, 2, 6, 962, 962
7, 7, 4, 747, 747
6, 1, 2, 621, 621
6, 8, 3, 836, 836
9, 1, 5, 195, 195
8, 9, 2, 829, 829
7, 4, 9, 497, 497
2, 2, 7, 272, 272
4, 7, 5, 745, 745
8, 7, 2, 728, 728
6, 8, 4, 864, 864
5, 8, 6, 568, 568
4, 9, 4, 449, 449
2, 1, 5, 251, 251
8, 1, 3, 831, 831
9, 4, 4, 494, 494
8, 7, 2, 728, 728
9, 5, 4, 459, 459
3, 1, 5, 153, 153
6, 3, 1, 361, 361
9, 2, 5, 295, 295
3, 9, 8, 839, 839
4, 9, 6, 694, 694
8, 7, 4, 847, 847
5, 2, 2, 252, 252
1, 6, 8, 186, 186
1, 7, 1, 117, 117
2, 2, 4, 422, 422
7, 2, 1, 271, 271
1, 2, 6, 612, 612
1, 6, 9, 196, 196
2, 4, 3, 423, 423
7, 1, 4, 471, 471
3, 6, 3, 336, 336
2, 2, 5, 522, 522
8, 7, 5, 758, 758
8, 9, 4, 948, 948
2, 3, 2, 223, 223
5, 3, 6, 653, 653
5, 7, 6, 567, 567
1, 1, 6, 161, 161
9, 5, 2, 295, 295
5, 8, 1, 158, 158
7, 8, 3, 387, 387
4, 6, 9, 694, 694
1, 1, 9, 911, 911
7, 4, 4, 474, 474
3, 1, 6, 361, 361
2, 7, 7, 727, 727
1, 7, 7, 717, 717
4, 2, 1, 412, 412
8, 2, 2, 228, 228
7, 2, 8, 827, 827
9, 3, 7, 397, 397
8, 2, 2, 228, 228
2, 6, 1, 216, 216
2, 8, 3, 328, 328
9, 3, 3, 339, 339
8, 6, 7, 687, 687
2, 9, 1, 912, 912
6, 8, 7, 786, 786
9, 3, 6, 693, 693
4, 5, 9, 549, 549
9, 3, 1, 193, 193
7, 1, 7, 771, 771
1, 3, 4, 341, 341
7, 1, 3, 173, 173
9, 4, 9, 994, 994
7, 3, 6, 367, 367
9, 1, 4, 941, 941
6, 1, 3, 163, 163
2, 6, 5, 256, 256
3, 8, 4, 843, 843
2, 2, 5, 522, 522
8, 3, 5, 583, 583
7, 8, 3, 837, 837
5, 8, 3, 358, 358
2, 2, 7, 722, 722
1, 6, 2, 621, 621
1, 8, 5, 851, 851
7, 8, 1, 871, 871
2, 9, 3, 329, 329
3, 1, 4, 431, 431
5, 5, 2, 525, 525
3, 7, 9, 793, 793
9, 3, 6, 396, 396
6, 3, 1, 316, 316
5, 8, 2, 285, 285
7, 4, 4, 447, 447
1, 9, 6, 916, 916
8, 2, 9, 298, 298
9, 2, 8, 298, 298
6, 6, 4, 646, 646
4, 1, 7, 174, 174
9, 2, 3, 293, 293
3, 5, 1, 153, 153
6, 5, 7, 567, 567
4, 7, 6, 467, 467
7, 3, 6, 673, 673
7, 4, 7, 774, 774
7, 3, 1, 317, 317
5, 5, 3, 535, 535
9, 8, 6, 896, 896
2, 2, 8, 822, 822
5, 7, 8, 875, 875
5, 9, 8, 895, 895
2, 7, 8, 728, 728
4, 2, 3, 324, 324
1, 3, 7, 173, 173
2, 5, 1, 125, 125
2, 3, 8, 823, 823
3, 7, 3, 337, 337
6, 2, 3, 326, 326
9, 4, 1, 194, 194
1, 5, 1, 115, 115
4, 6, 5, 645, 645
8, 2, 2, 282, 282
5, 9, 1, 951, 951
8, 3, 9, 938, 938
3, 8, 4, 348, 348
9, 2, 7, 279, 279
7, 4, 8, 784, 784
8, 7, 4, 487, 487
9, 5, 5, 595, 595
2, 3, 1, 123, 123
9, 8, 2, 892, 892
6, 5, 1, 561, 561
3, 4, 4, 443, 443
7, 8, 3, 387, 387
6, 5, 5, 556, 556
8, 2, 4, 482, 482
8, 2, 7, 287, 287
7, 4, 2, 472, 472
9, 5, 3, 539, 539
3, 5, 9, 395, 395
6, 6, 5, 566, 566
1, 3, 3, 331, 331
2, 3, 7, 732, 732
7, 1, 4, 174, 174
6, 2, 8, 682, 682
1, 4, 7, 741, 741
2, 6, 5, 562, 562
3, 5, 7, 537, 537
8, 6, 7, 678, 678
7, 6, 6, 676, 676
8, 4, 6, 648, 648
8, 1, 3, 831, 831
2, 6, 9, 692, 692
6, 2, 1, 216, 216
6, 9, 1, 619, 619
2, 7, 8, 728, 728
9, 5, 3, 593, 593
2, 7, 3, 723, 723
5, 6, 7, 675, 675
3, 6, 8, 386, 386
3, 8, 5, 583, 583
6, 3, 3, 363, 363
8, 7, 7, 778, 778
1, 6, 4, 641, 641
4, 7, 7, 747, 747
1, 6, 6, 616, 616
9, 2, 1, 129, 129
7, 5, 9, 975, 975
1, 1, 4, 141, 141
6, 8, 2, 286, 286
4, 2, 9, 942, 942
1, 2, 7, 217, 217
5, 5, 7, 575, 575
4, 6, 2, 426, 426
3, 9, 3, 933, 933
1, 2, 6, 216, 216
3, 5, 1, 135, 135
9, 7, 5, 597, 597
2, 9, 1, 219, 219
6, 2, 9, 296, 296
3, 8, 6, 836, 836
1, 4, 4, 441, 441
3, 1, 8, 381, 381
8, 6, 4, 648, 648
6, 6, 8, 686, 686
8, 3, 7, 873, 873
9, 7, 4, 497, 497
3, 2, 5, 235, 235
6, 8, 9, 968, 968
9, 5, 6, 659, 659
5, 9, 6, 569, 569
3, 2, 2, 223, 223
2, 1, 5, 125, 125
5, 5, 1, 155, 155
7, 4, 5, 574, 574
8, 1, 7, 781, 781
2, 3, 8, 283, 283
7, 4, 7, 774, 774
7, 9, 8, 879, 879
2, 3, 5, 325, 325
9, 2, 7, 972, 972
6, 2, 5, 265, 265
2, 8, 3, 328, 328
9, 1, 3, 391, 391
1, 8, 3, 138, 138
8, 4, 1, 814, 814
5, 9, 9, 959, 959
8, 3, 9, 983, 983
5, 7, 9, 975, 975
3, 3, 8, 383, 383
2, 5, 3, 532, 532
2, 3, 5, 523, 523
2, 7, 8, 782, 782
8, 5, 3, 385, 385
4, 4, 5, 544, 544
6, 2, 5, 265, 265
4, 9, 8, 984, 984
9, 1, 9, 991, 991
5, 5, 8, 585, 585
7, 8, 6, 768, 768
3, 3, 6, 363, 363
6, 9, 9, 996, 996
1, 7, 7, 717, 717
1, 8, 5, 815, 815
7, 1, 7, 771, 771
9, 6, 7, 796, 796
1, 2, 5, 152, 152
8, 2, 6, 862, 862
9, 4, 7, 794, 794
2, 3, 1, 213, 213
3, 8, 1, 138, 138
3, 8, 4, 834, 834
7, 7, 1, 177, 177
6, 1, 5, 156, 156
3, 5, 9, 395, 395
4, 4, 7, 474, 474
1, 5, 6, 165, 165
4, 8, 2, 824, 824
6, 8, 4, 486, 486
3, 8, 4, 348, 348
6, 9, 5, 596, 596
2, 7, 8, 728, 728
2, 3, 7, 327, 327
5, 7, 2, 725, 725
3, 9, 1, 139, 139
6, 2, 7, 762, 762
8, 6, 8, 688, 688
2, 1, 3, 231, 231
4, 5, 5, 554, 554
8, 7, 3, 378, 378
6, 6, 1, 166, 166
9, 1, 7, 179, 179
4, 1, 3, 143, 143
5, 7, 4, 457, 457
7, 5, 5, 575, 575
3, 8, 7, 783, 783
5, 2, 1, 512, 512
9, 9, 4, 499, 499
6, 9, 3, 396, 396
7, 6, 5, 675, 675
8, 6, 2, 286, 286
8, 5, 4, 485, 485
8, 8, 4, 488, 488
5, 2, 8, 825, 825
9, 8, 2, 289, 289
7, 3, 1, 137, 137
9, 7, 4, 794, 794
5, 9, 4, 549, 549
9, 8, 6, 689, 689
8, 9, 9, 989, 989
1, 5, 8, 851, 851
8, 5, 4, 458, 458
4, 5, 5, 554, 554
7, 1, 8, 817, 817
1, 4, 9, 419, 419
8, 4, 7, 478, 478
6, 2, 8, 286, 286
6, 4, 6, 664, 664
9, 4, 5, 549, 549
9, 3, 4, 493, 493
6, 8, 7, 678, 678
2, 1, 5, 125, 125
5, 6, 3, 635, 635
9, 8, 8, 898, 898
1, 9, 6, 961, 961
2, 3, 4, 342, 342
8, 4, 5, 548, 548
3, 8, 4, 438, 438
9, 3, 8, 398, 398
5, 5, 8, 855, 855
4, 8, 6, 864, 864
7, 8, 3, 837, 837
8, 2, 4, 482, 482
9, 4, 3, 439, 439
4, 5, 8, 584, 584
1, 4, 2, 412, 412
2, 8, 1, 218, 218
7, 7, 6, 677, 677
1, 4, 1, 411, 411
2, 3, 9, 293, 293
1, 6, 6, 661, 661
8, 5, 4, 458, 458
3, 6, 1, 136, 136
7, 5, 5, 557, 557
5, 1, 4, 451, 451
5, 5, 7, 755, 755
3, 3, 2, 233, 233
6, 3, 6, 663, 663
8, 6, 9, 689, 689
1, 4, 5, 514, 514
7, 4, 3, 374, 374
5, 4, 5, 455, 455
2, 3, 5, 352, 352
7, 7, 2, 277, 277
1, 3, 5, 513, 513
8, 3, 5, 358, 358
8, 2, 4, 842, 842
5, 9, 4, 954, 954
1, 9, 9, 919, 919
7, 7, 4, 747, 747
1, 3, 4, 143, 143
9, 1, 6, 196, 196
8, 9, 5, 958, 958
8, 9, 6, 689, 689
5, 8, 3, 835, 835
3, 9, 4, 934, 934
8, 8, 3, 388, 388
5, 3, 9, 953, 953
6, 3, 1, 316, 316
7, 1, 1, 171, 171
2, 8, 7, 827, 827
6, 2, 7, 276, 276
4, 5, 1, 154, 154
9, 7, 2, 279, 279
5, 7, 3, 753, 753
5, 1, 4, 145, 145
8, 6, 8, 688, 688
4, 9, 7, 974, 974
3, 6, 7, 736, 736
7, 2, 2, 227, 227
1, 6, 3, 631, 631
1, 1, 6, 611, 611
3, 6, 1, 613, 613
6, 8, 3, 386, 386
4, 2, 5, 542, 542
5, 9, 3, 953, 953
5, 5, 7, 755, 755
3, 2, 3, 332, 332
3, 8, 8, 838, 838
5, 2, 2, 252, 252
2, 3, 5, 532, 532
3, 5, 5, 553, 553
2, 8, 8, 828, 828
4, 1, 5, 154, 154
6, 9, 4, 469, 469
7, 5, 3, 357, 357
7, 7, 2, 727, 727
7, 4, 5, 457, 457
8, 6, 2, 286, 286
2, 1, 6, 162, 162
4, 3, 2, 243, 243
2, 2, 9, 922, 922
4, 5, 2, 425, 425
3, 7, 4, 347, 347
7, 3, 1, 173, 173
2, 8, 7, 827, 827
1, 6, 5, 561, 561
4, 3, 9, 349, 349
5, 2, 2, 252, 252
3, 7, 8, 387, 387
7, 7, 5, 757, 757
7, 9, 2, 927, 927
9, 8, 3, 839, 839
7, 5, 6, 675, 675
8, 3, 4, 438, 438
5, 2, 8, 582, 582
3, 9, 5, 593, 593
2, 2, 5, 252, 252
2, 7, 8, 782, 782
4, 1, 6, 146, 146
2, 6, 5, 625, 625
7, 8, 5, 578, 578
1, 8, 4, 841, 841
7, 3, 6, 673, 673
7, 7, 1, 177, 177
3, 6, 2, 632, 632
8, 9, 4, 489, 489
1, 8, 2, 128, 128
3, 9, 6, 936, 936
3, 8, 1, 183, 183
1, 9, 8, 891, 891
6, 3, 6, 366, 366
6, 5, 5, 556, 556
5, 5, 4, 545, 545
8, 9, 4, 489, 489
4, 1, 7, 741, 741
1, 2, 5, 215, 215
7, 8, 3, 738, 738
2, 4, 8, 824, 824
5, 7, 6, 765, 765
3, 4, 3, 334, 334
3, 8, 6, 638, 638
8, 8, 9, 988, 988
9, 8, 3, 938, 938
9, 8, 2, 298, 298
1, 7, 4, 714, 714
1, 3, 8, 381, 381
7, 6, 6, 667, 667
3, 4, 3, 433, 433
6, 9, 8, 869, 869
6, 3, 6, 366, 366
2, 8, 1, 128, 128
6, 7, 3, 367, 367
3, 8, 2, 832, 832
6, 7, 8, 876, 876
7, 6, 4, 467, 467
2, 2, 3, 232, 232
9, 2, 7, 729, 729
4, 8, 4, 448, 448
8, 6, 3, 386, 386
1, 4, 3, 431, 431
1, 6, 1, 116, 116
7, 5, 8, 857, 857
6, 7, 1, 716, 716
7, 8, 5, 587, 587
3, 7, 4, 473, 473
9, 4, 8, 849, 849
7, 9, 7, 779, 779
5, 1, 6, 165, 165
4, 5, 1, 154, 154
5, 3, 4, 543, 543
6, 1, 8, 861, 861
3, 1, 3, 133, 133
3, 7, 7, 737, 737
1, 5, 6, 651, 651
9, 5, 1, 159, 159
5, 9, 9, 959, 959
6, 4, 9, 496, 496
1, 8, 6, 861, 861
7, 5, 2, 572, 572
6, 5, 8, 586, 586
2, 7, 7, 772, 772
1, 2, 4, 142, 142
9, 8, 8, 889, 889
1, 8, 7, 718, 718
4, 3, 6, 346, 346
7, 1, 7, 771, 771
8, 3, 1, 381, 381
1, 9, 5, 915, 915
5, 6, 4, 654, 654
2, 3, 3, 323, 323
8, 6, 8, 688, 688
8, 2, 5, 528, 528
6, 2, 7, 672, 672
1, 8, 8, 881, 881
3, 5, 9, 395, 395
8, 6, 5, 658, 658
8, 1, 2, 281, 281
6, 1, 2, 216, 216
2, 6, 2, 622, 622
5, 3, 5, 355, 355
4, 3, 6, 346, 346
7, 1, 9, 791, 791
4, 5, 8, 485, 485
7, 9, 3, 973, 973
8, 6, 2, 286, 286
1, 9, 9, 991, 991
1, 9, 8, 189, 189
9, 2, 4, 492, 492
8, 5, 2, 258, 258
4, 2, 5, 542, 542
3, 5, 9, 935, 935
5, 2, 7, 275, 275
6, 3, 5, 653, 653
4, 3, 2, 234, 234
9, 7, 3, 937, 937
8, 2, 6, 862, 862
8, 1, 9, 891, 891
8, 5, 1, 581, 581
3, 7, 8, 738, 738
1, 4, 7, 714, 714
2, 3, 4, 423, 423
2, 4, 4, 424, 424
9, 1, 4, 419, 419
6, 7, 5, 765, 765
8, 4, 2, 824, 824
7, 2, 7, 277, 277
9, 5, 6, 596, 596
6, 7, 7, 776, 776
9, 4, 1, 194, 194
6, 8, 6, 866, 866
9, 6, 4, 694, 694
6, 8, 8, 868, 868
6, 6, 3, 636, 636
2, 5, 5, 552, 552
2, 2, 1, 212, 212
1, 4, 4, 414, 414
9, 3, 7, 793, 793
6, 9, 5, 596, 596
5, 9, 5, 559, 559
9, 7, 6, 769, 769
2, 8, 6, 862, 862
2, 9, 5, 259, 259
5, 6, 7, 657, 657
5, 9, 2, 952, 952
8, 3, 8, 388, 388
5, 6, 8, 685, 685
2, 9, 4, 429, 429
9, 1, 3, 319, 319
8, 7, 3, 738, 738
4, 8, 4, 844, 844
4, 6, 2, 642, 642
5, 8, 4, 854, 854
7, 2, 1, 217, 217
7, 5, 8, 785, 785
5, 3, 9, 953, 953
1, 4, 7, 741, 741
5, 4, 1, 451, 451
5, 8, 3, 538, 538
4, 8, 6, 648, 648
7, 4, 8, 784, 784
8, 8, 9, 988, 988
8, 7, 4, 748, 748
4, 7, 8, 874, 874
1, 2, 5, 512, 512
8, 9, 4, 984, 984
2, 6, 5, 625, 625
6, 5, 9, 569, 569
6, 1, 7, 176, 176
5, 4, 7, 475, 475
5, 4, 2, 425, 425
1, 1, 8, 811, 811
2, 9, 4, 924, 924
4, 7, 6, 467, 467
3, 8, 3, 338, 338
2, 3, 8, 283, 283
6, 4, 4, 464, 464
1, 8, 4, 418, 418
4, 8, 6, 648, 648
9, 8, 8, 898, 898
4, 4, 2, 424, 424
4, 5, 7, 574, 574
5, 6, 5, 655, 655
7, 8, 4, 874, 874
3, 9, 1, 319, 319
8, 6, 7, 687, 687
8, 8, 3, 838, 838
5, 6, 1, 516, 516
9, 9, 3, 939, 939
3, 1, 8, 381, 381
4, 9, 1, 941, 941
2, 2, 7, 272, 272
3, 4, 3, 334, 334
8, 6, 6, 686, 686
1, 6, 4, 416, 416
1, 8, 8, 881, 881
9, 2, 5, 529, 529
6, 3, 1, 361, 361
4, 6, 1, 614, 614
8, 9, 6, 869, 869
9, 8, 3, 389, 389
8, 2, 5, 582, 582
5, 5, 3, 535, 535
1, 8, 2, 281, 281
1, 6, 3, 613, 613
2, 4, 1, 421, 421
7, 6, 7, 776, 776
7, 5, 9, 579, 579
7, 6, 9, 976, 976
5, 8, 3, 385, 385
9, 7, 6, 697, 697
8, 9, 7, 879, 879
5, 8, 5, 855, 855
3, 8, 1, 831, 831
6, 8, 3, 836, 836
7, 5, 5, 575, 575
7, 4, 8, 478, 478
3, 7, 1, 731, 731
4, 7, 8, 847, 847
3, 7, 7, 773, 773
6, 6, 4, 646, 646
2, 4, 3, 432, 432
8, 4, 1, 418, 418
8, 3, 9, 983, 983
4, 9, 8, 984, 984
8, 9, 5, 859, 859
3, 4, 1, 413, 413
5, 2, 8, 582, 582
5, 2, 8, 825, 825
2, 8, 1, 128, 128
3, 3, 4, 343, 343
9, 3, 5, 593, 593
7, 3, 4, 374, 374
3, 1, 6, 631, 631
1, 7, 4, 741, 741
4, 9, 7, 749, 749
8, 6, 9, 968, 968
5, 3, 4, 453, 453
6, 4, 4, 446, 446
6, 8, 5, 865, 865
9, 7, 9, 997, 997
5, 6, 2, 526, 526
8, 3, 4, 348, 348
4, 4, 5, 544, 544
4, 8, 8, 848, 848
8, 3, 2, 823, 823
6, 1, 8, 816, 816
8, 6, 4, 468, 468
7, 5, 1, 571, 571
4, 1, 1, 141, 141
8, 7, 3, 837, 837
3, 8, 5, 538, 538
4, 7, 3, 734, 734
5, 7, 4, 457, 457
5, 6, 7, 675, 675
6, 3, 6, 663, 663
6, 5, 4, 564, 564
1, 7, 4, 471, 471
6, 5, 7, 765, 765
4, 1, 7, 471, 471
6, 5, 9, 956, 956
1, 3, 9, 319, 319
3, 3, 4, 343, 343
1, 7, 4, 147, 147
3, 4, 1, 134, 134
5, 6, 5, 556, 556
5, 7, 4, 457, 457
8, 1, 7, 187, 187
8, 6, 5, 586, 586
6, 2, 4, 642, 642
5, 5, 6, 565, 565
1, 7, 2, 127, 127
7, 4, 3, 734, 734
8, 4, 3, 348, 348
6, 9, 1, 961, 961
8, 4, 8, 884, 884
3, 4, 9, 394, 394
3, 4, 2, 423, 423
1, 5, 3, 135, 135
8, 3, 1, 183, 183
3, 2, 2, 232, 232
3, 3, 5, 353, 353
4, 3, 7, 374, 374
3, 1, 9, 913, 913
6, 9, 3, 963, 963
6, 4, 5, 564, 564
3, 5, 2, 325, 325
9, 6, 3, 369, 369
3, 4, 3, 433, 433
7, 1, 3, 371, 371
6, 3, 7, 673, 673
9, 8, 2, 298, 298
9, 5, 4, 495, 495
2, 1, 8, 182, 182
6, 6, 4, 466, 466
5, 6, 2, 625, 625
6, 4, 7, 467, 467
2, 4, 6, 462, 462
7, 1, 2, 172, 172
8, 3, 3, 338, 338
5, 3, 8, 853, 853
2, 4, 3, 234, 234
9, 8, 5, 958, 958
4, 7, 6, 746, 746
3, 2, 5, 235, 235
6, 9, 5, 596, 596
2, 9, 5, 592, 592
8, 1, 6, 681, 681
7, 8, 1, 718, 718
1, 8, 7, 718, 718
2, 1, 1, 121, 121
3, 9, 9, 993, 993
4, 8, 5, 458, 458
8, 1, 8, 881, 881
5, 9, 7, 759, 759
8, 2, 3, 283, 283
4, 5, 2, 524, 524
2, 1, 1, 121, 121
2, 2, 7, 272, 272
9, 8, 1, 198, 198
8, 4, 2, 248, 248
8, 5, 8, 885, 885
4, 8, 6, 684, 684
2, 3, 1, 321, 321
1, 5, 9, 915, 915
2, 8, 9, 892, 892
8, 6, 7, 687, 687
6, 2, 1, 612, 612
6, 5, 1, 615, 615
8, 2, 4, 482, 482
6, 5, 8, 856, 856
6, 6, 1, 616, 616
3, 5, 9, 395, 395
4, 1, 4, 441, 441
4, 2, 6, 624, 624
9, 6, 2, 692, 692
5, 9, 6, 956, 956
4, 3, 5, 345, 345
9, 3, 4, 439, 439
9, 6, 8, 689, 689
7, 7, 2, 277, 277
5, 1, 3, 135, 135
3, 2, 6, 623, 623
5, 1, 3, 351, 351
9, 1, 1, 191, 191
5, 9, 2, 925, 925
1, 4, 7, 714, 714
9, 6, 7, 796, 796
8, 6, 9, 896, 896
6, 2, 3, 326, 326
8, 2, 5, 852, 852
7, 9, 9, 997, 997
4, 6, 1, 164, 164
8, 7, 5, 758, 758
9, 2, 6, 629, 629
7, 4, 1, 174, 174
9, 7, 4, 947, 947
8, 2, 5, 582, 582
2, 1, 9, 129, 129
4, 6, 4, 644, 644
8, 8, 7, 878, 878
2, 4, 1, 412, 412
5, 7, 1, 175, 175
6, 5, 8, 865, 865
4, 6, 2, 426, 426
6, 2, 9, 296, 296
7, 2, 1, 271, 271
9, 4, 8, 489, 489
4, 7, 6, 764, 764
7, 7, 5, 577, 577
6, 8, 3, 368, 368
4, 2, 2, 224, 224
6, 1, 8, 861, 861
8, 3, 8, 388, 388
2, 9, 4, 942, 942
4, 2, 5, 524, 524
4, 1, 1, 141, 141
8, 5, 2, 285, 285
8, 4, 1, 418, 418
3, 9, 4, 934, 934
8, 4, 4, 484, 484
2, 9, 6, 926, 926
3, 4, 2, 324, 324
8, 5, 1, 815, 815
5, 3, 9, 593, 593
4, 2, 1, 412, 412
4, 6, 6, 664, 664
8, 4, 7, 487, 487
8, 8, 9, 898, 898
6, 7, 2, 726, 726
5, 7, 4, 754, 754
3, 8, 6, 368, 368
8, 4, 2, 248, 248
6, 8, 7, 786, 786
2, 6, 3, 236, 236
6, 7, 6, 667, 667
3, 7, 6, 367, 367
1, 5, 2, 125, 125
2, 7, 7, 727, 727
6, 5, 8, 568, 568
3, 2, 2, 223, 223
1, 7, 8, 817, 817
8, 4, 3, 384, 384
8, 5, 6, 586, 586
3, 2, 5, 235, 235
2, 3, 9, 329, 329
6, 6, 8, 866, 866
6, 5, 3, 635, 635
3, 5, 5, 535, 535
3, 4, 7, 374, 374
7, 2, 9, 279, 279
9, 1, 4, 419, 419
5, 3, 7, 753, 753
3, 7, 5, 735, 735
9, 1, 9, 991, 991
6, 5, 3, 563, 563
2, 1, 6, 162, 162
5, 6, 5, 556, 556
7, 1, 1, 117, 117
1, 3, 4, 431, 431
8, 5, 7, 785, 785
4, 7, 3, 743, 743
7, 8, 9, 978, 978
4, 5, 3, 543, 543
5, 1, 6, 561, 561
3, 9, 3, 339, 339
6, 3, 1, 316, 316
3, 7, 4, 437, 437
3, 7, 5, 735, 735
2, 5, 1, 125, 125
8, 6, 9, 968, 968
3, 5, 2, 532, 532
3, 4, 7, 743, 743
8, 8, 9, 988, 988
2, 7, 1, 712, 712
7, 4, 1, 714, 714
1, 2, 4, 241, 241
6, 9, 4, 964, 964
7, 3, 8, 387, 387
2, 4, 3, 324, 324
2, 3, 8, 328, 328
1, 9, 2, 912, 912
6, 7, 5, 657, 657
8, 1, 3, 381, 381
9, 9, 4, 949, 949
4, 5, 8, 845, 845
2, 5, 8, 825, 825
7, 5, 2, 257, 257
8, 8, 3, 838, 838
9, 8, 8, 898, 898
2, 4, 2, 224, 224
1, 6, 9, 691, 691
3, 7, 3, 337, 337
5, 6, 6, 656, 656
8, 9, 8, 889, 889
2, 4, 8, 824, 824
5, 2, 8, 852, 852
5, 2, 6, 265, 265
9, 1, 6, 961, 961
8, 4, 6, 486, 486
2, 9, 4, 492, 492
1, 4, 3, 413, 413
3, 2, 1, 231, 231
3, 8, 3, 833, 833
2, 6, 7, 627, 627
2, 1, 8, 128, 128
7, 6, 5, 756, 756
3, 1, 3, 331, 331
9, 5, 3, 593, 593
7, 4, 5, 754, 754
4, 2, 8, 482, 482
3, 1, 1, 131, 131
3, 4, 9, 493, 493
8, 9, 4, 498, 498
7, 2, 8, 782, 782
8, 4, 3, 438, 438
2, 9, 1, 921, 921
5, 1, 1, 115, 115
3, 3, 8, 833, 833
6, 3, 8, 368, 368
5, 7, 9, 795, 795
2, 4, 6, 264, 264
9, 6, 6, 669, 669
8, 3, 2, 283, 283
8, 5, 6, 865, 865
7, 1, 9, 917, 917
3, 1, 2, 123, 123
1, 1, 8, 181, 181
2, 9, 7, 279, 279
9, 6, 6, 669, 669
8, 3, 2, 283, 283
6, 7, 2, 627, 627
7, 4, 4, 447, 447
5, 9, 2, 925, 925
2, 6, 3, 623, 623
5, 3, 9, 395, 395
3, 4, 1, 413, 413
5, 3, 9, 395, 395
5, 2, 1, 215, 215
1, 4, 4, 414, 414
2, 9, 8, 928, 928
5, 2, 7, 725, 725
8, 3, 9, 983, 983
9, 4, 9, 499, 499
6, 8, 3, 863, 863
7, 4, 7, 477, 477
3, 1, 5, 531, 531
8, 4, 6, 648, 648
5, 3, 3, 353, 353
1, 2, 8, 182, 182
4, 5, 3, 543, 543
3, 6, 4, 643, 643
6, 7, 1, 716, 716
5, 7, 6, 756, 756
3, 4, 2, 324, 324
5, 9, 4, 459, 459
7, 2, 9, 792, 792
2, 6, 2, 622, 622
3, 4, 7, 473, 473
9, 4, 5, 549, 549
9, 9, 1, 199, 199
4, 9, 5, 954, 954
7, 9, 9, 997, 997
2, 5, 6, 652, 652
9, 2, 7, 792, 792
1, 6, 8, 681, 681
1, 3, 7, 371, 371
9, 9, 6, 969, 969
9, 5, 1, 591, 591
2, 5, 5, 552, 552
3, 4, 5, 543, 543
2, 4, 8, 284, 284
1, 7, 4, 714, 714
1, 4, 2, 124, 124
4, 4, 7, 474, 474
9, 5, 3, 359, 359
4, 1, 9, 914, 914
4, 8, 2, 248, 248
4, 9, 1, 419, 419
3, 7, 9, 397, 397
4, 3, 7, 473, 473
6, 1, 6, 661, 661
7, 5, 1, 715, 715
5, 6, 7, 657, 657
4, 1, 8, 841, 841
5, 2, 6, 562, 562
8, 7, 8, 887, 887
5, 3, 1, 135, 135
9, 6, 9, 996, 996
5, 2, 9, 952, 952
5, 3, 1, 513, 513
3, 8, 1, 183, 183
5, 3, 6, 356, 356
8, 1, 3, 318, 318
5, 8, 7, 875, 875
3, 9, 5, 935, 935
5, 9, 6, 965, 965
5, 8, 7, 758, 758
9, 7, 2, 792, 792
6, 5, 2, 526, 526
3, 4, 6, 643, 643
5, 4, 1, 451, 451
7, 9, 6, 679, 679
8, 2, 1, 128, 128
5, 7, 6, 756, 756
6, 2, 9, 962, 962
8, 5, 2, 825, 825
8, 8, 6, 688, 688
5, 6, 8, 586, 586
8, 1, 6, 168, 168
2, 7, 6, 726, 726
1, 8, 4, 814, 814
5, 2, 1, 512, 512
2, 6, 5, 625, 625
4, 4, 6, 644, 644
3, 1, 2, 132, 132
4, 5, 4, 445, 445
6, 2, 6, 266, 266
6, 5, 9, 596, 596
3, 2, 9, 923, 923
5, 8, 5, 558, 558
9, 3, 3, 339, 339
8, 4, 9, 498, 498
5, 9, 9, 995, 995
4, 7, 8, 748, 748
4, 9, 6, 964, 964
5, 9, 5, 955, 955
8, 9, 4, 489, 489
2, 7, 3, 372, 372
8, 4, 8, 884, 884
8, 6, 2, 826, 826
6, 2, 8, 682, 682
2, 7, 7, 772, 772
7, 7, 8, 787, 787
5, 5, 7, 575, 575
6, 9, 4, 946, 946
6, 3, 9, 396, 396
5, 4, 8, 584, 584
7, 8, 1, 187, 187
6, 4, 9, 496, 496
8, 7, 4, 784, 784
7, 6, 8, 876, 876
7, 4, 1, 174, 174
8, 4, 5, 458, 458
3, 4, 9, 394, 394
1, 7, 9, 917, 917
3, 5, 4, 345, 345
4, 7, 2, 724, 724
2, 9, 5, 952, 952
4, 5, 2, 542, 542
7, 1, 2, 217, 217
1, 9, 4, 914, 914
6, 1, 9, 961, 961
8, 2, 3, 283, 283
6, 9, 4, 649, 649
9, 2, 1, 219, 219
4, 8, 1, 814, 814
7, 8, 5, 578, 578
3, 6, 7, 763, 763
6, 5, 2, 526, 526
9, 5, 2, 259, 259
6, 3, 1, 136, 136
4, 6, 2, 264, 264
5, 1, 4, 415, 415
7, 5, 6, 765, 765
3, 8, 9, 983, 983
1, 1, 3, 311, 311
7, 7, 1, 177, 177
2, 2, 3, 232, 232
2, 5, 8, 285, 285
4, 1, 9, 941, 941
2, 7, 8, 827, 827
3, 5, 7, 537, 537
7, 7, 2, 277, 277
8, 9, 6, 869, 869
4, 8, 8, 884, 884
7, 4, 6, 476, 476
9, 5, 1, 915, 915
7, 6, 6, 676, 676
9, 6, 5, 596, 596
7, 1, 4, 471, 471
3, 4, 7, 734, 734
6, 9, 7, 679, 679
2, 9, 4, 249, 249
4, 8, 5, 845, 845
6, 2, 3, 236, 236
2, 8, 4, 482, 482
1, 4, 6, 461, 461
3, 7, 3, 733, 733
1, 5, 6, 165, 165
4, 3, 2, 342, 342
1, 6, 9, 691, 691
6, 3, 2, 623, 623
8, 7, 4, 748, 748
3, 9, 9, 993, 993
3, 5, 3, 533, 533
2, 4, 6, 264, 264
5, 8, 3, 853, 853
5, 2, 6, 625, 625
1, 7, 4, 471, 471
1, 4, 3, 341, 341
8, 4, 2, 248, 248
4, 4, 2, 424, 424
3, 7, 6, 763, 763
3, 7, 8, 837, 837
3, 4, 4, 443, 443
5, 9, 8, 859, 859
2, 6, 7, 627, 627
2, 1, 3, 132, 132
7, 5, 5, 575, 575
7, 2, 5, 257, 257
2, 9, 8, 928, 928
9, 6, 3, 936, 936
3, 5, 1, 513, 513
3, 3, 8, 833, 833
6, 3, 7, 763, 763
2, 2, 9, 922, 922
1, 1, 3, 131, 131
6, 5, 8, 586, 586
2, 2, 7, 272, 272
6, 6, 5, 566, 566
2, 6, 9, 629, 629
1, 1, 8, 181, 181
9, 4, 2, 429, 429
5, 3, 1, 315, 315
7, 6, 4, 674, 674
1, 7, 9, 971, 971
3, 8, 6, 836, 836
5, 8, 7, 857, 857
1, 6, 6, 661, 661
4, 5, 4, 544, 544
2, 4, 7, 427, 427
6, 3, 8, 683, 683
3, 8, 4, 348, 348
7, 8, 9, 987, 987
7, 5, 4, 547, 547
7, 9, 5, 759, 759
1, 2, 7, 217, 217
9, 3, 3, 393, 393
4, 2, 7, 274, 274
2, 8, 3, 238, 238
3, 5, 5, 553, 553
3, 5, 7, 753, 753
9, 9, 6, 969, 969
6, 8, 8, 868, 868
7, 5, 4, 745, 745
6, 3, 2, 326, 326
9, 3, 1, 319, 319
7, 3, 9, 793, 793
9, 6, 4, 946, 946
6, 8, 8, 868, 868
1, 6, 5, 651, 651
4, 8, 5, 845, 845
4, 3, 3, 343, 343
2, 6, 9, 962, 962
6, 1, 2, 261, 261
6, 7, 5, 576, 576
7, 3, 3, 337, 337
7, 9, 6, 976, 976
7, 5, 8, 587, 587
3, 2, 2, 223, 223
7, 2, 4, 247, 247
9, 1, 6, 169, 169
5, 1, 4, 154, 154
8, 8, 4, 848, 848
5, 4, 4, 445, 445
4, 1, 6, 461, 461
2, 3, 3, 332, 332
4, 4, 2, 424, 424
5, 2, 8, 258, 258
1, 5, 9, 591, 591
6, 8, 8, 886, 886
4, 7, 2, 724, 724
6, 8, 3, 863, 863
5, 1, 1, 115, 115
3, 1, 3, 331, 331
4, 2, 1, 241, 241
4, 7, 1, 741, 741
5, 7, 6, 756, 756
7, 9, 5, 957, 957
2, 9, 6, 629, 629
4, 8, 5, 854, 854
1, 5, 5, 551, 551
8, 3, 2, 283, 283
8, 9, 1, 981, 981
7, 5, 3, 537, 537
9, 8, 5, 895, 895
2, 9, 2, 922, 922
3, 9, 2, 329, 329
3, 2, 1, 123, 123
1, 8, 7, 178, 178
9, 2, 7, 792, 792
2, 1, 1, 121, 121
5, 9, 6, 695, 695
2, 4, 5, 425, 425
8, 7, 3, 783, 783
5, 9, 3, 935, 935
4, 6, 2, 426, 426
7, 5, 1, 517, 517
3, 5, 4, 534, 534
1, 6, 1, 611, 611
3, 3, 5, 353, 353
9, 6, 3, 639, 639
4, 4, 8, 844, 844
6, 9, 3, 369, 369
4, 8, 5, 845, 845
5, 9, 6, 695, 695
1, 8, 5, 815, 815
4, 8, 1, 814, 814
1, 3, 2, 321, 321
8, 9, 8, 988, 988
2, 9, 4, 429, 429
2, 4, 5, 542, 542
6, 5, 7, 765, 765
4, 4, 2, 244, 244
9, 2, 4, 429, 429
2, 6, 9, 926, 926
1, 7, 8, 187, 187
4, 1, 5, 541, 541
1, 6, 1, 611, 611
3, 6, 3, 336, 336
9, 6, 4, 496, 496
6, 2, 5, 526, 526
1, 5, 9, 195, 195
1, 7, 4, 147, 147
3, 4, 5, 435, 435
7, 1, 2, 172, 172
8, 6, 2, 628, 628
2, 5, 2, 225, 225
6, 1, 9, 169, 169
1, 8, 7, 817, 817
4, 7, 6, 467, 467
8, 1, 2, 281, 281
5, 6, 5, 556, 556
5, 8, 2, 285, 285
4, 5, 1, 415, 415
6, 6, 4, 466, 466
2, 8, 7, 278, 278
6, 4, 5, 456, 456
2, 7, 4, 472, 472
9, 2, 9, 299, 299
5, 7, 2, 257, 257
4, 5, 2, 254, 254
9, 8, 2, 928, 928
5, 8, 2, 528, 528
7, 2, 7, 277, 277
1, 1, 8, 811, 811
5, 3, 6, 356, 356
2, 3, 8, 832, 832
6, 1, 8, 168, 168
6, 4, 9, 469, 469
9, 7, 3, 739, 739
5, 1, 6, 561, 561
4, 9, 6, 964, 964
9, 4, 1, 491, 491
9, 2, 2, 292, 292
5, 3, 3, 353, 353
7, 6, 3, 736, 736
4, 1, 2, 241, 241
4, 1, 4, 144, 144
9, 1, 8, 819, 819
2, 8, 9, 892, 892
1, 6, 3, 613, 613
8, 7, 9, 789, 789
2, 1, 7, 721, 721
4, 2, 5, 542, 542
2, 1, 3, 321, 321
7, 7, 5, 757, 757
4, 9, 7, 974, 974
4, 2, 7, 472, 472
5, 7, 3, 537, 537
3, 5, 4, 435, 435
8, 3, 2, 328, 328
8, 5, 3, 835, 835
9, 2, 1, 192, 192
3, 9, 7, 937, 937
6, 9, 2, 269, 269
9, 6, 8, 689, 689
8, 2, 1, 128, 128
5, 6, 8, 658, 658
2, 4, 9, 294, 294
9, 7, 2, 927, 927
6, 5, 6, 665, 665
9, 6, 1, 916, 916
1, 9, 3, 139, 139
4, 2, 2, 242, 242
9, 3, 5, 953, 953
7, 3, 5, 375, 375
1, 3, 9, 319, 319
6, 4, 9, 946, 946
5, 5, 3, 355, 355
8, 6, 3, 836, 836
4, 7, 4, 744, 744
3, 4, 1, 413, 413
6, 8, 3, 863, 863
2, 7, 5, 572, 572
2, 1, 2, 122, 122
6, 9, 6, 966, 966
9, 8, 6, 869, 869
7, 8, 4, 487, 487
1, 5, 5, 551, 551
5, 4, 1, 415, 415
5, 5, 2, 525, 525
5, 6, 5, 655, 655
5, 7, 8, 587, 587
9, 5, 8, 589, 589
4, 1, 2, 421, 421
7, 5, 3, 573, 573
6, 5, 6, 566, 566
1, 8, 7, 817, 817
6, 3, 5, 356, 356
1, 9, 2, 291, 291
8, 8, 1, 188, 188
8, 2, 3, 328, 328
4, 1, 4, 144, 144
6, 4, 9, 469, 469
7, 8, 4, 847, 847
9, 8, 9, 998, 998
7, 8, 3, 873, 873
1, 9, 2, 129, 129
9, 7, 2, 297, 297
6, 4, 6, 664, 664
2, 7, 1, 127, 127
2, 3, 7, 273, 273
1, 2, 9, 192, 192
9, 4, 6, 496, 496
8, 8, 5, 588, 588
1, 2, 4, 421, 421
2, 3, 9, 293, 293
3, 1, 9, 391, 391
7, 3, 8, 783, 783
2, 7, 1, 172, 172
8, 9, 2, 982, 982
9, 3, 3, 339, 339
6, 7, 4, 764, 764
6, 4, 5, 564, 564
6, 4, 2, 462, 462
2, 3, 3, 323, 323
8, 2, 1, 812, 812
9, 9, 6, 699, 699
6, 5, 3, 356, 356
1, 2, 2, 221, 221
5, 2, 9, 592, 592
7, 4, 5, 475, 475
3, 8, 6, 836, 836
3, 5, 7, 753, 753
6, 1, 2, 261, 261
4, 2, 1, 214, 214
6, 7, 1, 716, 716
2, 2, 4, 242, 242
5, 4, 6, 654, 654
4, 4, 7, 474, 474
7, 4, 9, 479, 479
5, 5, 6, 655, 655
9, 5, 3, 593, 593
4, 1, 5, 154, 154
3, 6, 9, 936, 936
4, 2, 9, 924, 924
8, 2, 8, 288, 288
3, 9, 4, 943, 943
8, 9, 4, 849, 849
9, 7, 2, 792, 792
9, 6, 6, 696, 696
7, 3, 2, 723, 723
2, 3, 6, 263, 263
5, 2, 1, 215, 215
5, 4, 5, 554, 554
6, 2, 4, 642, 642
9, 4, 5, 495, 495
4, 4, 9, 494, 494
4, 2, 1, 412, 412
4, 9, 8, 489, 489
9, 6, 3, 396, 396
9, 9, 4, 499, 499
1, 4, 9, 941, 941
7, 3, 4, 437, 437
7, 2, 2, 272, 272
2, 3, 4, 342, 342
6, 8, 3, 368, 368
7, 9, 6, 697, 697
1, 6, 3, 136, 136
6, 2, 3, 326, 326
7, 8, 6, 867, 867
6, 2, 8, 268, 268
3, 5, 1, 513, 513
2, 7, 4, 742, 742
6, 9, 4, 649, 649
8, 2, 3, 832, 832
5, 3, 5, 553, 553
1, 9, 1, 119, 119
6, 4, 2, 624, 624
2, 6, 6, 626, 626
6, 9, 4, 964, 964
7, 3, 6, 673, 673
7, 8, 9, 987, 987
3, 1, 3, 331, 331
7, 5, 3, 375, 375
4, 7, 3, 734, 734
2, 3, 5, 352, 352
3, 6, 1, 631, 631
7, 7, 1, 717, 717
6, 5, 9, 569, 569
1, 5, 1, 115, 115
7, 2, 4, 742, 742
6, 8, 7, 678, 678
7, 7, 4, 477, 477
5, 9, 6, 695, 695
9, 9, 7, 979, 979
8, 3, 3, 383, 383
1, 6, 9, 916, 916
6, 5, 4, 546, 546
8, 1, 2, 218, 218
6, 2, 1, 216, 216
2, 5, 4, 524, 524
4, 1, 8, 814, 814
7, 1, 9, 179, 179
6, 4, 5, 654, 654
8, 9, 5, 859, 859
2, 5, 5, 525, 525
1, 2, 5, 521, 521
9, 9, 3, 399, 399
6, 4, 1, 461, 461
4, 1, 2, 241, 241
1, 8, 8, 881, 881
6, 7, 3, 367, 367
5, 9, 9, 959, 959
6, 3, 5, 365, 365
6, 3, 7, 673, 673
4, 2, 6, 624, 624
2, 5, 4, 425, 425
6, 6, 7, 676, 676
8, 1, 2, 218, 218
5, 6, 8, 865, 865
9, 9, 7, 979, 979
1, 4, 2, 421, 421
3, 7, 2, 327, 327
6, 3, 9, 693, 693
4, 1, 6, 641, 641
4, 4, 2, 244, 244
9, 2, 7, 279, 279
3, 2, 3, 332, 332
3, 2, 9, 923, 923
5, 9, 5, 955, 955
8, 1, 7, 871, 871
7, 9, 3, 379, 379
2, 1, 1, 112, 112
4, 4, 9, 944, 944
4, 2, 1, 142, 142
2, 7, 3, 732, 732
6, 3, 9, 369, 369
5, 7, 1, 751, 751
7, 3, 1, 371, 371
5, 8, 4, 854, 854
9, 8, 4, 894, 894
7, 2, 8, 287, 287
4, 8, 8, 848, 848
4, 2, 9, 249, 249
5, 4, 7, 745, 745
5, 5, 9, 955, 955
7, 2, 5, 257, 257
4, 2, 8, 284, 284
8, 6, 7, 678, 678
7, 1, 8, 178, 178
5, 9, 9, 959, 959
7, 9, 5, 579, 579
6, 9, 7, 967, 967
9, 1, 2, 129, 129
9, 9, 4, 949, 949
6, 8, 8, 868, 868
5, 8, 6, 568, 568
6, 9, 6, 966, 966
5, 5, 1, 515, 515
7, 5, 3, 375, 375
7, 3, 9, 937, 937
1, 6, 9, 619, 619
1, 4, 6, 641, 641
3, 7, 8, 783, 783
4, 7, 9, 974, 974
7, 7, 2, 277, 277
2, 3, 4, 423, 423
7, 6, 4, 647, 647
2, 6, 2, 226, 226
2, 1, 7, 127, 127
7, 8, 3, 837, 837
7, 1, 5, 175, 175
9, 8, 3, 938, 938
2, 3, 4, 423, 423
3, 3, 6, 633, 633
8, 9, 2, 829, 829
7, 5, 2, 527, 527
1, 5, 3, 315, 315
1, 8, 7, 871, 871
3, 3, 5, 533, 533
3, 9, 2, 329, 329
2, 1, 6, 126, 126
2, 7, 2, 227, 227
6, 4, 7, 467, 467
3, 7, 4, 734, 734
2, 4, 2, 224, 224
2, 7, 1, 721, 721
3, 6, 5, 536, 536
1, 8, 7, 817, 817
5, 2, 7, 572, 572
6, 4, 6, 466, 466
7, 4, 5, 547, 547
3, 7, 8, 783, 783
1, 4, 3, 413, 413
8, 1, 9, 189, 189
5, 1, 1, 115, 115
1, 6, 7, 716, 716
8, 6, 6, 686, 686
1, 9, 6, 961, 961
8, 5, 7, 785, 785
8, 7, 6, 867, 867
1, 9, 3, 139, 139
5, 5, 9, 595, 595
3, 3, 9, 393, 393
4, 3, 4, 443, 443
8, 2, 3, 238, 238
4, 6, 5, 456, 456
5, 7, 2, 275, 275
9, 8, 6, 968, 968
8, 6, 2, 682, 682
2, 1, 1, 121, 121
5, 4, 7, 475, 475
8, 4, 6, 864, 864
9, 6, 8, 896, 896
3, 9, 4, 349, 349
7, 8, 6, 867, 867
4, 4, 2, 244, 244
7, 6, 5, 756, 756
6, 2, 3, 632, 632
4, 1, 9, 194, 194
7, 2, 8, 278, 278
9, 5, 7, 975, 975
7, 9, 9, 979, 979
4, 9, 2, 942, 942
3, 4, 9, 934, 934
2, 6, 4, 462, 462
6, 6, 7, 766, 766
4, 5, 6, 546, 546
3, 8, 6, 863, 863
9, 3, 5, 539, 539
8, 9, 9, 998, 998
7, 5, 4, 547, 547
2, 3, 4, 342, 342
8, 8, 7, 788, 788
5, 2, 8, 825, 825
7, 2, 5, 527, 527
9, 3, 5, 539, 539
5, 2, 3, 352, 352
9, 4, 2, 924, 924
9, 3, 8, 983, 983
1, 6, 2, 621, 621
4, 5, 5, 554, 554
3, 6, 6, 663, 663
7, 2, 7, 277, 277
2, 7, 3, 723, 723
1, 5, 3, 135, 135
7, 1, 6, 671, 671
4, 5, 2, 245, 245
1, 5, 3, 135, 135
9, 7, 3, 397, 397
6, 2, 9, 269, 269
6, 6, 4, 646, 646
7, 8, 7, 877, 877
1, 2, 8, 821, 821
7, 9, 2, 972, 972
1, 4, 1, 114, 114
6, 8, 7, 768, 768
7, 1, 7, 177, 177
9, 8, 2, 829, 829
2, 9, 6, 269, 269
9, 3, 2, 293, 293
5, 7, 3, 735, 735
3, 2, 7, 273, 273
5, 7, 6, 675, 675
4, 8, 8, 884, 884
5, 8, 7, 758, 758
8, 4, 3, 834, 834
2, 6, 5, 526, 526
7, 6, 5, 756, 756
1, 6, 5, 516, 516
1, 3, 5, 351, 351
1, 2, 7, 217, 217
2, 1, 4, 421, 421
2, 2, 9, 922, 922
4, 9, 2, 942, 942
7, 5, 3, 537, 537
4, 1, 4, 441, 441
9, 9, 3, 939, 939
3, 9, 3, 933, 933
3, 2, 3, 233, 233
1, 6, 6, 661, 661
7, 2, 1, 127, 127
8, 1, 7, 781, 781
4, 1, 3, 143, 143
8, 5, 3, 385, 385
6, 5, 2, 265, 265
4, 5, 2, 245, 245
2, 5, 2, 225, 225
2, 3, 7, 372, 372
9, 6, 1, 619, 619
1, 4, 2, 421, 421
8, 6, 7, 687, 687
6, 3, 9, 963, 963
9, 1, 8, 819, 819
7, 8, 8, 887, 887
4, 8, 9, 849, 849
3, 6, 2, 623, 623
1, 1, 2, 211, 211
1, 8, 7, 871, 871
8, 2, 9, 298, 298
5, 7, 4, 475, 475
8, 9, 5, 859, 859
6, 8, 4, 486, 486
6, 6, 2, 266, 266
5, 8, 2, 258, 258
8, 2, 6, 682, 682
6, 7, 6, 667, 667
9, 5, 7, 759, 759
3, 2, 4, 342, 342
5, 5, 9, 595, 595
2, 7, 4, 427, 427
3, 7, 8, 387, 387
5, 4, 2, 452, 452
9, 5, 7, 975, 975
6, 1, 4, 146, 146
1, 9, 6, 169, 169
3, 7, 1, 137, 137
6, 1, 9, 169, 169
4, 7, 2, 247, 247
2, 7, 2, 722, 722
6, 2, 5, 265, 265
6, 3, 6, 366, 366
8, 4, 7, 874, 874
5, 1, 3, 315, 315
6, 5, 1, 516, 516
3, 2, 5, 352, 352
1, 8, 8, 818, 818
6, 3, 2, 263, 263
1, 2, 2, 212, 212
9, 4, 9, 499, 499
4, 7, 4, 447, 447
2, 8, 3, 823, 823
2, 2, 3, 322, 322
2, 2, 8, 282, 282
9, 6, 6, 696, 696
4, 6, 4, 644, 644
5, 6, 5, 655, 655
5, 1, 5, 155, 155
6, 5, 2, 625, 625
3, 1, 5, 351, 351
5, 6, 1, 615, 615
1, 3, 7, 317, 317
3, 7, 5, 753, 753
6, 4, 9, 469, 469
7, 5, 1, 571, 571
4, 8, 3, 843, 843
3, 2, 4, 432, 432
7, 4, 3, 473, 473
8, 1, 7, 187, 187
4, 7, 5, 754, 754
7, 9, 3, 937, 937
5, 7, 8, 587, 587
7, 2, 2, 272, 272
5, 2, 1, 215, 215
7, 2, 4, 472, 472
6, 4, 4, 464, 464
6, 2, 8, 826, 826
5, 4, 2, 524, 524
1, 7, 9, 791, 791
8, 4, 3, 348, 348
9, 4, 8, 894, 894
3, 4, 9, 394, 394
1, 2, 6, 162, 162
6, 2, 5, 256, 256
2, 8, 9, 928, 928
4, 6, 6, 646, 646
1, 8, 9, 819, 819
7, 9, 4, 947, 947
2, 4, 5, 524, 524
8, 3, 4, 843, 843
7, 5, 3, 357, 357
1, 4, 6, 641, 641
1, 5, 8, 815, 815
5, 8, 1, 815, 815
1, 1, 2, 211, 211
6, 9, 1, 619, 619
4, 9, 9, 994, 994
1, 9, 9, 991, 991
6, 6, 9, 696, 696
7, 2, 8, 278, 278
7, 2, 1, 127, 127
5, 9, 5, 955, 955
9, 2, 2, 229, 229
3, 2, 5, 253, 253
6, 9, 2, 269, 269
5, 5, 9, 955, 955
3, 9, 3, 339, 339
2, 3, 6, 263, 263
6, 5, 7, 756, 756
9, 6, 3, 396, 396
7, 6, 1, 671, 671
2, 7, 6, 726, 726
2, 7, 5, 752, 752
5, 1, 4, 541, 541
4, 6, 9, 649, 649
5, 9, 3, 395, 395
9, 9, 4, 499, 499
5, 2, 8, 825, 825
7, 2, 8, 827, 827
1, 3, 1, 311, 311
9, 5, 3, 359, 359
6, 3, 3, 336, 336
7, 4, 6, 476, 476
2, 3, 6, 326, 326
8, 2, 5, 852, 852
3, 4, 6, 463, 463
1, 2, 6, 621, 621
7, 8, 9, 879, 879
4, 1, 3, 341, 341
2, 5, 1, 521, 521
2, 2, 1, 122, 122
7, 4, 3, 437, 437
6, 3, 2, 326, 326
2, 3, 4, 324, 324
9, 3, 7, 739, 739
9, 1, 9, 991, 991
7, 7, 8, 877, 877
8, 1, 6, 618, 618
1, 6, 8, 816, 816
4, 6, 2, 246, 246
6, 4, 5, 564, 564
9, 3, 1, 391, 391
9, 5, 3, 359, 359
5, 7, 1, 175, 175
6, 6, 8, 686, 686
2, 8, 9, 928, 928
1, 3, 2, 123, 123
5, 1, 6, 561, 561
2, 7, 4, 427, 427
1, 4, 8, 481, 481
9, 5, 8, 895, 895
8, 7, 4, 748, 748
1, 4, 2, 214, 214
6, 9, 3, 639, 639
4, 5, 8, 548, 548
3, 8, 6, 863, 863
5, 8, 2, 258, 258
4, 5, 3, 534, 534
7, 2, 7, 277, 277
9, 6, 4, 649, 649
3, 5, 2, 325, 325
5, 2, 3, 532, 532
7, 3, 8, 783, 783
1, 4, 9, 419, 419
4, 1, 2, 142, 142
1, 9, 7, 791, 791
4, 1, 4, 144, 144
3, 8, 1, 138, 138
7, 2, 2, 227, 227
8, 4, 1, 814, 814
7, 6, 7, 677, 677
5, 2, 2, 252, 252
1, 3, 7, 317, 317
6, 1, 3, 361, 361
3, 3, 6, 633, 633
4, 4, 5, 454, 454
8, 3, 6, 863, 863
4, 9, 5, 459, 459
5, 1, 4, 451, 451
1, 8, 6, 861, 861
9, 8, 5, 958, 958
7, 3, 8, 837, 837
8, 4, 2, 284, 284
8, 4, 4, 484, 484
6, 1, 6, 661, 661
6, 1, 9, 691, 691
6, 9, 3, 963, 963
3, 1, 4, 413, 413
1, 5, 8, 815, 815
4, 4, 8, 844, 844
9, 3, 6, 369, 369
8, 3, 1, 381, 381
4, 9, 1, 941, 941
5, 6, 5, 655, 655
7, 9, 2, 297, 297
5, 6, 8, 685, 685
1, 4, 8, 184, 184
4, 9, 4, 449, 449
9, 3, 3, 393, 393
8, 7, 4, 478, 478
5, 7, 3, 735, 735
4, 8, 9, 948, 948
6, 5, 1, 156, 156
1, 6, 1, 116, 116
5, 6, 1, 156, 156
1, 2, 2, 212, 212
6, 9, 1, 169, 169
8, 6, 6, 668, 668
2, 5, 3, 352, 352
8, 1, 4, 184, 184
4, 9, 3, 934, 934
2, 6, 7, 672, 672
2, 1, 5, 521, 521
1, 5, 6, 615, 615
1, 5, 3, 315, 315
1, 2, 5, 512, 512
3, 1, 2, 231, 231
4, 2, 4, 244, 244
7, 1, 5, 751, 751
9, 4, 8, 498, 498
7, 8, 5, 857, 857
8, 1, 1, 118, 118
3, 1, 4, 413, 413
4, 2, 4, 244, 244
6, 2, 8, 862, 862
5, 7, 2, 527, 527
4, 3, 5, 534, 534
3, 4, 5, 453, 453
8, 1, 6, 618, 618
6, 2, 2, 226, 226
5, 4, 6, 564, 564
4, 3, 1, 143, 143
4, 7, 1, 714, 714
4, 5, 4, 544, 544
5, 7, 5, 755, 755
7, 2, 5, 752, 752
2, 6, 4, 426, 426
5, 1, 8, 158, 158
2, 1, 5, 152, 152
3, 1, 1, 131, 131
5, 1, 2, 215, 215
3, 9, 4, 943, 943
8, 2, 7, 872, 872
8, 5, 3, 385, 385
5, 4, 3, 345, 345
2, 9, 8, 829, 829
2, 1, 9, 129, 129
9, 4, 9, 994, 994
2, 1, 8, 821, 821
1, 5, 8, 518, 518
5, 5, 9, 955, 955
9, 3, 8, 983, 983
5, 9, 9, 995, 995
4, 1, 2, 142, 142
6, 2, 3, 632, 632
2, 8, 8, 828, 828
1, 1, 5, 151, 151
3, 4, 1, 431, 431
8, 9, 7, 879, 879
7, 6, 1, 176, 176
5, 1, 2, 125, 125
2, 5, 1, 521, 521
3, 4, 1, 134, 134
2, 9, 7, 927, 927
2, 9, 6, 629, 629
8, 8, 9, 988, 988
4, 1, 6, 164, 164
9, 4, 1, 419, 419
3, 1, 9, 193, 193
1, 4, 2, 241, 241
8, 6, 6, 686, 686
3, 2, 2, 232, 232
2, 8, 3, 328, 328
1, 2, 9, 291, 291
6, 1, 8, 186, 186
9, 4, 8, 498, 498
4, 1, 1, 141, 141
7, 3, 9, 793, 793
5, 4, 1, 145, 145
8, 6, 1, 168, 168
5, 1, 4, 451, 451
4, 9, 2, 924, 924
6, 1, 4, 641, 641
7, 6, 2, 726, 726
8, 7, 1, 187, 187
6, 4, 1, 164, 164
5, 5, 8, 585, 585
5, 6, 8, 586, 586
5, 3, 8, 358, 358
5, 6, 7, 576, 576
9, 4, 8, 894, 894
5, 6, 5, 556, 556
7, 7, 5, 757, 757
7, 7, 2, 727, 727
5, 4, 5, 554, 554
1, 9, 1, 119, 119
6, 9, 7, 769, 769
5, 7, 6, 567, 567
5, 6, 4, 465, 465
5, 6, 3, 356, 356
7, 8, 1, 178, 178
6, 4, 2, 264, 264
7, 9, 1, 179, 179
7, 2, 6, 762, 762
3, 7, 2, 327, 327
2, 5, 7, 275, 275
6, 2, 1, 126, 126
9, 9, 5, 599, 599
5, 8, 2, 285, 285
5, 4, 4, 445, 445
2, 2, 3, 232, 232
9, 6, 3, 639, 639
6, 2, 2, 262, 262
4, 7, 5, 574, 574
9, 7, 7, 779, 779
9, 9, 3, 399, 399
7, 7, 3, 737, 737
4, 6, 6, 646, 646
1, 7, 5, 751, 751
8, 6, 5, 586, 586
7, 8, 9, 978, 978
9, 9, 2, 299, 299
5, 9, 9, 995, 995
4, 7, 2, 742, 742
6, 1, 1, 116, 116
3, 4, 9, 439, 439
6, 4, 7, 746, 746
